S_ime,R_time,Processors,Sigma
0.000000,8497.339534,2,0.245417
773.134487,70.963555,2,0.972174
1265.885217,18009.100135,3,0.560986
2278.600139,123205.228198,10,0.880554
4086.643386,31.017399,13,0.752653
5048.676575,7.175732,8,0.453731
12245.416738,431.726863,10,0.464040
16054.345985,9.924151,19,1.134929
20929.198805,2115.852686,3,1.169688
23983.690366,759.758628,9,0.146437
30917.663988,123981.272674,2,1.691955
32382.952507,32227.446102,3,0.438828
40942.538563,1554.068799,3,1.433392
42469.990420,34.790836,25,0.879695
47758.830960,231593.482555,3,1.075416
47919.237303,8.371296,28,0.968447
50175.978524,73573.783163,45,1.274554
64607.713421,580.758792,3,0.512425
74407.543608,1191.782551,2,0.774593
75953.615254,15.790373,4,0.994014
89182.623619,338025.845896,5,0.565415
90506.171845,97.626799,7,1.111541
93047.526272,40.193890,7,1.013811
109493.687760,7159.558649,3,0.551172
110581.444172,907.507948,3,1.697329
115152.662261,9267.474527,46,1.433619
118780.122520,162331.529208,45,1.691546
124908.005029,14259.826720,4,1.469098
139399.772593,294.110050,5,1.027437
147927.927069,6152.196136,6,0.756208
155530.056557,36.135244,3,0.916120
172211.044496,414367.078653,13,1.901678
174095.164882,1147.389420,5,1.185098
178357.732144,606597.185863,40,1.472275
193299.188971,171760.178542,51,0.797668
194516.820122,8790.048867,35,0.352298
196446.129982,660.576630,2,1.819047
205455.204893,1474723.657415,19,1.529392
211947.956526,1467.068005,4,1.235920
214492.755980,5.012044,46,0.954853
217601.375451,4421.403852,11,0.946808
218323.955091,101.573043,8,1.426432
222233.908394,657.544150,30,1.163059
224242.740902,88704.456986,3,0.722286
234106.586203,18274.016427,53,0.909749
234162.530106,5.991726,4,1.810925
248393.775737,1280.596086,2,1.231706
248514.841231,2330.344159,2,0.946907
251084.053463,1131048.287483,12,0.818877
251727.748988,8.287455,3,0.233691
253131.107357,97.479011,2,1.403179
258933.785495,44089.009658,24,1.175320
265132.706259,22681.200307,2,0.668241
265433.672094,222.363275,22,0.205654
265794.791062,46932.470016,19,1.017181
273394.463327,637.407869,3,0.915404
275804.490709,54.553556,23,1.345087
279630.630467,2423571.757830,13,0.425924
287610.786265,2926.886151,3,0.455021
291343.009570,30.980894,2,0.407656
291740.233078,19.003666,56,1.257874
304792.680687,358184.102094,2,0.493794
307911.022464,456305.579295,9,0.563694
312190.534063,87825.807328,9,0.035886
324848.388233,58.860262,7,0.568106
331135.301900,102436.211331,13,0.832186
331759.969475,330.471445,2,1.691556
333309.615459,1008987.580273,29,1.511337
344271.986706,157.304765,2,1.227968
347186.933175,4.648143,4,0.121882
353800.862277,19.998485,3,1.414277
355512.611561,2627183.526319,3,0.629308
365658.047934,45.102172,22,0.427123
367365.508084,1467844.884791,54,1.027640
377815.284544,16732.387747,60,0.278341
380748.323594,44402.264448,4,1.712024
386401.550433,14.897064,41,1.157831
392161.331724,155.609916,29,0.959988
399876.902671,13685.296682,28,1.891246
400764.136146,25681.739802,24,1.581026
404567.399249,922679.505773,27,0.885978
423675.258799,2946618.954497,22,0.572462
427164.109786,12866.055784,56,0.757459
428342.647411,42354.933844,7,1.185723
441865.994082,202484.141858,25,1.713812
444425.664860,44722.254733,6,0.710195
447248.347646,250487.805501,6,0.695554
451282.254192,500.088348,3,0.355732
462599.203777,32578.058268,3,0.126131
466661.247510,402127.920681,22,1.802042
467167.150704,1990021.657177,3,1.350623
467228.565646,125.162596,9,0.768849
467256.884408,1553606.620721,7,0.770026
469026.300404,282912.446831,16,1.895184
474662.178284,5.756886,17,1.144815
476288.666855,3.393693,55,0.904089
480761.890771,411.192156,38,1.286641
482541.926075,19314.835357,4,0.415640
482944.658787,49.788776,55,0.719516
489619.596718,6.593878,6,1.836625
493953.709262,78.529048,2,0.166314
502901.399737,204614.137365,30,0.240369
504470.502318,4222.469131,13,1.200216
506688.609742,182.412846,28,1.866996
507715.197129,433028.367737,19,1.545461
513739.265633,4.476622,4,1.406888
520060.869832,15.115639,3,0.652518
520114.270688,2623.891532,2,1.610492
526851.291714,4832.683706,2,1.718889
532853.205135,2935.157923,6,0.178815
533208.451824,818288.101286,4,1.270798
536626.477971,1198408.389873,19,1.537425
538744.996389,5.524463,23,1.661708
539011.696684,267802.318947,36,1.894263
542764.609780,48.346838,2,1.187584
548867.265588,684571.640795,11,1.429058
548948.600050,23373.999037,39,0.533884
551874.020367,124112.240966,3,0.504515
552733.762067,827799.261888,12,1.173217
552998.224496,4998.773582,10,1.609732
561472.873332,127.544595,17,0.667556
562947.479811,16966.396815,23,0.589601
564502.870818,143.760450,60,1.210572
571090.553116,26.131653,4,0.936863
571925.146376,215.574133,4,0.841331
587552.064212,500.788016,6,1.186498
588022.328293,134688.184048,7,1.178353
593820.246782,291.811787,21,0.114549
607446.878433,165195.493317,43,0.085210
611384.302080,203.233367,10,1.515292
611614.152344,12755.278665,2,0.526609
611747.018095,206.793346,6,0.801925
614563.450950,221.517106,17,0.010973
615827.040461,228.633575,3,0.997096
616612.065064,7262.872392,2,1.508692
619587.636225,49.766663,44,0.182039
621491.377258,5.624603,11,1.514349
624140.199137,77076.942242,13,1.944321
627432.155401,5090.727289,7,0.358066
632725.665296,1670269.545084,35,1.134629
640118.775003,1019.553642,2,0.750742
642509.632366,1077520.434039,5,1.040395
647863.186808,47.201629,2,1.791970
652802.807024,2318.174422,18,1.955685
653791.864171,2671.856965,61,0.516027
656940.595146,12138.354707,14,0.756020
670001.805734,12426.254437,12,0.160551
671361.666051,46538.711876,42,0.266512
671846.119047,2023.117372,6,1.924435
676744.643939,283.074417,34,0.107491
682752.195069,543577.113117,28,0.557696
686545.099782,216515.443817,21,0.160744
687109.629590,24.114726,26,0.950369
688477.623172,76.348155,47,1.302074
698158.311192,6906.814539,33,1.102341
706063.888441,1061791.694195,34,0.084107
715322.520528,318.027333,34,1.889171
715457.918641,844.019460,6,1.398285
717946.298406,10991.079275,15,0.767232
718650.455691,21.008812,4,1.580859
720653.853664,1219367.299839,5,0.997981
721352.995757,49218.915505,6,1.426383
726195.262372,495602.814351,2,0.431945
728013.467971,41.360170,3,0.217967
729756.822522,58625.576313,8,0.673055
732742.642337,50.201854,3,1.683908
750745.452845,3419.943198,47,0.746535
755205.672306,84.699152,19,1.603402
759187.135359,33.655157,30,1.038666
761476.961156,55.059164,12,1.682370
765213.380390,5597.802742,2,1.889181
775465.620955,2659.981380,2,0.715402
788219.911092,616.416494,33,1.992334
789063.441276,764.353911,64,1.090594
789314.351381,2804321.617330,5,1.535675
790633.315430,722.437092,20,0.685096
806936.445888,229711.545196,26,0.129779
809003.977550,41.096060,3,1.473350
811740.707390,235290.689173,48,0.817055
813591.821372,97.440565,3,1.363897
818012.362156,19629.019540,27,1.559520
824027.772526,5753.076228,28,0.021056
841207.101954,5.720535,19,1.614865
845131.959343,1876.917190,4,1.381279
845954.177826,115.591692,2,1.549033
846941.956928,1792.742367,47,0.045622
848570.533101,1158.514442,25,1.003634
857146.506181,188485.332405,23,1.936063
859346.520609,3180823.662372,35,0.666990
859531.374007,158590.585551,4,0.525038
863246.501443,13.471693,22,0.957994
867653.221965,184.806251,5,0.656640
871206.401953,5.649957,23,0.516070
871427.490034,1212.514155,5,1.415648
880809.296750,368.538536,6,1.998056
888615.192239,1927556.219168,7,0.943764
888945.307641,1426431.573602,4,1.340899
896474.295260,8.781533,20,1.114944
912904.645541,5.356610,7,1.565244
912912.516033,86237.615654,21,0.680940
922863.115795,2644.338373,27,1.057981
926542.059830,79060.673926,7,1.867617
928479.543730,526532.674928,2,0.011812
931287.007442,64.771782,13,0.559102
950010.942667,237.691606,31,0.945910
960405.175856,2103.242518,33,1.702558
966607.748662,2562293.450521,4,0.148660
967784.449291,5958.587886,3,0.470668
971720.066770,918820.736560,5,1.184629
972303.037263,26.292322,2,1.008296
972743.374315,4498.187645,23,1.468343
973555.108624,429603.199154,8,1.365881
979754.018157,2006587.204751,18,1.163600
987657.832372,501.975104,12,0.885899
1001007.777434,716349.832082,9,0.828542
1005177.730216,199.995992,15,1.125032
1017874.155745,2261.161880,4,1.650180
1023287.079107,34408.978881,2,1.603205
1024567.366447,9.615722,4,0.915599
1029580.115953,27790.167603,2,1.889875
1031785.987809,3.472336,62,0.299584
1035444.685656,9099.495814,21,0.226238
1038526.713556,40.966306,13,1.730702
1039460.155857,46.159897,18,1.782529
1055125.696880,29486.335218,2,0.722194
1056551.201031,67197.338869,26,1.562786
1057199.165825,1013.966147,17,1.733786
1068443.939944,342.467252,2,1.655176
1074600.512990,451.540394,15,1.800806
1076673.180469,73423.390118,6,0.681119
1080913.395759,602.538428,4,1.005655
1085419.919693,97.455437,7,0.349427
1095470.043035,6.083423,7,1.609079
1114815.039484,876159.124640,3,0.329314
1116476.456580,1547.290598,2,0.708647
1122065.592737,3.418396,2,1.484383
1123849.658415,28.945641,21,1.948547
1127508.575309,534.896989,46,1.873872
1127770.195482,7.459303,13,0.797255
1131010.638405,1000.610931,26,1.549242
1134326.990659,2615.129826,2,1.203445
1139048.071915,1094415.513952,35,0.916200
1146917.654000,25.135365,32,1.863956
1150388.790317,846.092757,9,0.817236
1165308.084979,426.817168,6,1.291968
1171574.296884,28.571461,3,0.107255
1172946.479048,7396.419184,6,1.575115
1179451.157829,31.472789,2,0.231595
1180871.772825,244.125659,26,1.149604
1181348.879286,7.636229,16,0.814448
1181363.450251,1671.222836,32,0.810612
1183967.880154,40213.807110,3,1.521643
1191862.161928,3942.171400,4,1.246737
1195639.041475,693459.155884,8,1.094816
1206904.082846,183.000407,4,1.760746
1209665.859448,170615.009518,50,0.446684
1213992.584738,64.225282,15,0.491803
1215399.341225,323324.289885,4,0.026614
1230427.432873,57.912718,2,0.691196
1234735.798873,227213.743327,21,1.776396
1236284.291487,2786955.587940,16,0.099389
1239471.160259,16329.719008,16,0.918953
1240259.994620,559054.793384,2,1.001795
1242090.876334,98.731764,53,1.994949
1245048.279859,5.533707,8,1.315496
1250725.870184,8.254460,3,0.077193
1253624.620859,129249.671504,52,0.409393
1254606.447941,72980.810120,7,0.949756
1260874.357309,279.486549,2,0.681431
1269336.187829,4.484638,2,0.260428
1274578.838939,36694.680367,2,1.641039
1278383.274548,19.428516,6,1.315601
1283273.717411,56.537897,50,0.636091
1284632.037374,20.000018,2,0.387903
1290088.113850,2127.253520,50,0.774566
1291403.459076,7739.092649,34,1.685811
1292096.196576,39.763364,5,1.877058
1293794.253642,764.267147,2,0.229304
1299473.756003,2479.635611,4,0.508563
1301338.590002,3.553186,50,1.651630
1304276.387846,25.588320,17,0.972984
1307759.819919,98.358067,2,0.665845
1308841.990742,49.108614,4,0.348245
1314970.888231,627034.592052,10,0.853968
1317519.081218,88920.812910,8,1.723956
1323750.456670,5887.964125,2,0.435963
1331321.725429,128145.591459,9,1.782984
1344576.048924,612.811333,9,0.346739
1347091.355940,2315081.171031,46,1.756548
1361193.401020,29.537542,2,1.188694
1379002.708996,41.407534,4,1.010880
1384476.576154,166297.738210,12,0.668593
1384638.960882,6064.062450,25,0.985578
1402873.056304,7175.828010,31,1.057410
1405917.232251,17.577615,20,0.907687
1406670.509983,3602.744181,3,1.775997
1408005.972484,994294.353856,4,0.187182
1413234.224932,1041.008506,3,1.880331
1420897.151867,904416.260044,4,1.959969
1422361.796536,3.180472,55,1.126499
1424158.541316,12.128581,16,0.802345
1426153.819618,109.352408,2,1.670797
1434870.046215,12030.651165,2,0.924005
1438457.244189,220366.134367,2,1.372820
1439160.921443,766758.457680,16,0.337573
1453454.307976,940533.231452,39,0.028115
1457790.027612,55696.776855,11,0.145523
1467846.107983,85918.333073,5,0.385560
1471111.186146,457.235651,3,1.149130
1471845.354533,6.484185,14,1.943979
1476641.341083,344823.546874,15,0.058867
1479909.734119,9.581061,46,0.786057
1484510.426300,219644.261464,29,1.930180
1484957.261436,11.008388,14,0.559415
1493083.946234,184575.133003,15,0.721622
1496768.228879,65.371947,6,0.201960
1505594.271181,2265.489422,2,1.605127
1521511.457717,241.821642,12,1.912363
1523349.352230,374.316662,9,0.983608
1527924.462813,831.998475,6,0.019574
1529727.972604,48.494365,8,0.679759
1530550.866162,237244.701177,26,0.537213
1530668.612298,1245.454434,6,0.016171
1531211.534368,5.760299,10,0.969470
1537797.218146,32.752939,5,1.550540
1539814.207328,31.146652,2,0.136576
1541205.954380,116802.418777,5,0.460585
1541513.093282,8.593393,45,1.443704
1542462.841314,49185.599446,26,0.425500
1563320.580835,13.440216,23,1.132253
1564689.823297,294579.527437,25,0.212875
1568844.617072,131712.758481,25,0.993238
1569103.397359,96.057190,13,0.653622
1570866.425210,121.181461,11,1.218551
1571384.872892,1235.037493,18,1.355051
1575970.587646,44986.517024,23,0.290570
1581166.828773,830862.310767,2,0.221516
1583007.393664,5387.057899,26,0.914542
1585396.124374,845.836313,4,0.423382
1586711.215262,928668.702948,64,0.639764
1586777.436581,63.421824,53,1.345152
1589299.760903,7.384183,12,0.702502
1590116.257405,48768.290701,2,1.862341
1600527.948973,16150.147573,5,1.792555
1605231.320877,3619.128153,8,1.335687
1612791.388827,1224.318379,14,0.424787
1622076.206906,47.696235,57,0.204181
1622765.441384,50279.575850,50,0.914887
1632180.100920,205.197026,23,0.515759
1635049.908942,568.927336,35,1.807876
1635414.123021,161.763626,27,0.818877
1638751.096271,17352.117692,6,0.275206
1648404.639920,164.198973,2,0.222346
1648887.951350,2473463.062533,2,1.684743
1658498.962926,2795224.236651,22,1.778090
1658615.879636,1472.947481,14,1.659024
1659145.805632,112883.541804,15,1.362889
1661721.236846,40.664998,27,1.956493
1664016.005882,15.400393,13,1.321048
1692499.683205,7903.646948,3,0.185325
1694639.378983,76.844579,6,0.774910
1696792.989902,472.103977,11,0.536432
1697213.709038,30.034188,53,1.108392
1707660.644218,22.635361,2,1.818036
1712669.597639,5096.948476,3,1.945460
1716368.005382,2332441.764736,24,1.357637
1725017.982958,274.855465,4,1.137561
1729221.908129,58.039797,2,1.984048
1735642.630321,932113.010879,15,0.441847
1739096.293144,336.341591,13,1.057550
1740618.870179,693950.969242,27,1.948238
1740722.473740,1441.657959,33,1.482418
1741209.718043,965935.068977,7,0.413976
1750176.670507,19342.267827,18,0.473313
1758702.796889,3420.208199,10,1.644937
1758719.221386,244.732727,2,1.211867
1764375.159646,333.219315,22,0.197512
1766917.749306,8.854556,24,0.864169
1767543.433461,326.828327,21,0.656131
1775133.390077,2667.091508,3,1.813164
1776236.681755,9.389470,3,0.662166
1776443.471490,285.675920,3,0.050803
1789722.408486,341.768503,4,1.600803
1792345.684910,733.101571,9,0.685037
1797685.232476,66.270021,2,0.135196
1799367.056324,147.153516,2,1.769617
1800684.462324,39963.440787,4,1.991279
1809275.322298,1732112.451135,5,0.788586
1815588.496795,1816.418714,4,1.096272
1816934.758438,19.209556,16,0.553904
1820486.435969,15112.241060,19,1.298770
1827290.345205,440.100687,55,0.577022
1836669.808223,6.246457,48,0.832134
1836967.476847,10828.350935,2,0.566076
1837054.519000,7082.687104,7,0.605468
1838763.385374,7.151637,3,0.724538
1840397.102547,387658.899011,53,0.830258
1842634.049688,30834.252937,35,1.188529
1853990.945621,90143.113203,2,0.050523
1868279.455110,2046639.612965,23,0.113608
1869817.884474,5.175016,29,0.349676
1870253.761176,619728.148883,6,0.310500
1871703.772895,549267.796771,2,1.392886
1874328.232747,294.330247,53,0.880195
1874820.783429,5353.508364,16,1.820213
1875771.685529,1988274.220347,10,1.141133
1876992.206120,197.206926,2,1.175056
1881454.981251,3238.613055,5,1.613105
1883966.432805,6308.341002,10,1.376372
1884961.698448,134.326721,12,1.534976
1888349.393195,34141.144010,3,0.333339
1889346.031104,2854759.566290,10,0.692126
1892123.998060,17.188129,37,1.254887
1897441.042610,4.528959,3,1.388185
1898105.730124,176.307777,5,0.804941
1900343.547544,62.687734,3,0.420037
1900501.839537,58724.985856,16,0.440633
1907495.563684,4.967237,37,1.572169
1911646.387242,407.564237,9,0.580984
1919043.807996,18638.812369,2,0.872814
1919860.257609,221.820568,13,0.466034
1922390.655676,509945.550503,48,1.702538
1922816.479050,265809.767744,27,1.149425
1924817.083032,248451.944569,2,1.065051
1928639.110130,1904206.630406,53,1.932409
1928969.732973,40.461809,39,1.890171
1936798.543723,180376.042905,49,1.635437
1938946.238494,952.052293,41,1.151444
1939109.077813,2821.186959,2,1.509058
1949301.917531,1019.789900,40,0.401816
1952872.274131,28662.054502,45,0.873019
1961713.457686,523.099542,30,0.088912
1965778.841264,92.691333,2,0.738432
1975680.285574,3.661261,8,0.046933
1977126.332143,2875582.247253,2,1.658983
1986430.971592,1733343.981125,2,0.062991
1996968.686921,3805.389562,30,0.058612
2000991.023294,44.418624,4,0.505165
2003192.037254,43170.088519,8,1.492048
2006124.998100,604197.186946,2,0.056729
2008143.948970,138885.976296,41,1.489525
2010345.056890,753710.932979,11,1.605342
2012009.911233,1061021.013355,7,1.052850
2016617.254445,2049465.619211,2,1.424460
2021351.157931,391.107845,44,1.731148
2021522.398099,962.604387,58,0.075779
2022165.896807,50605.155719,3,1.539402
2023146.892011,869.320589,5,0.750341
2029647.465291,10.068022,2,1.410524
2042153.689878,11.355435,12,0.440154
2043253.657349,12679.207058,2,1.413233
2049955.220821,34344.490415,40,0.459099
2055465.083258,13.183313,6,1.082080
2056231.290253,444.749055,4,0.389177
2059682.188595,1793.754653,31,1.247866
2063756.818156,51782.048861,3,0.030445
2076866.679406,246751.748546,9,0.454271
2076922.729049,2431.501989,3,1.739814
2077421.711903,44.935350,30,0.626951
2079211.602670,31.314434,2,1.955834
2080124.199202,2132.255191,31,1.303735
2080181.617887,10.083761,28,0.498474
2081791.336518,249.801020,46,0.484846
2085844.020812,74.499915,2,1.260556
2087330.254636,4986.095508,4,1.112260
2104293.833498,97.077722,2,0.253298
2109048.406147,1790554.601093,19,0.404183
2110162.436551,42.364433,19,1.189371
2111267.006371,238.136066,24,1.429361
2117117.179035,24.810344,27,0.659958
2117693.237166,7.757117,4,0.369404
2126592.770852,60.483138,38,0.356421
2137750.781405,6928.943935,4,1.605768
2138223.812127,12488.829370,52,1.207419
2142845.478229,800.523124,9,0.294169
2156170.365323,1564.490219,4,1.708005
2170777.161115,91897.890116,35,0.732785
2174447.148089,4686.398047,2,0.694658
2177976.843078,1560.311002,4,1.571859
2196348.958589,46388.200644,35,1.946331
2211388.619089,463.114974,19,1.110509
2212384.814320,16873.836679,55,0.168991
2213862.136580,19.660817,3,1.176063
2223289.322166,6.990537,2,0.579636
2224779.176077,145950.025737,36,0.004198
2235558.559819,4.284934,3,1.926059
2238454.023749,3.422967,5,0.506470
2239131.533661,7.857643,3,1.660968
2241159.792046,8306.743378,4,1.758446
2242311.200172,4.260971,3,1.642300
2244596.833786,7106.762716,2,0.970405
2246679.849088,11893.499987,12,1.819658
2249302.887297,1888.471737,11,1.893421
2259179.791595,258815.173395,27,0.638091
2259483.930498,2477304.707852,3,0.457516
2264271.035906,3.925539,40,1.190836
2272167.868202,66.239880,6,0.581799
2272365.613303,1512540.050237,4,1.094192
2273088.662938,18.941387,4,0.862524
2289537.535356,7672.517091,42,1.641799
2292512.637556,117431.574583,37,1.526095
2294102.925185,20.851418,2,1.214610
2294903.483389,222940.167790,54,0.497303
2296900.354933,54.904901,2,1.938064
2297434.711530,315578.209751,41,0.429314
2297594.219615,96.259216,32,1.729536
2299265.084925,891.594804,32,1.149142
2300234.019284,187.354734,4,1.658678
2315217.500053,37497.820508,20,0.008847
2316254.467660,33129.366264,2,1.703045
2316811.538297,98676.534159,8,1.562487
2318329.181042,100084.795164,3,1.122296
2324518.551413,131.960692,2,0.227602
2332496.338960,1312585.221804,2,1.016706
2347289.296071,6758.112666,7,1.520693
2352166.708501,8240.663460,3,1.011709
2352859.538987,762.664278,3,0.677319
2362774.769793,8.196380,48,0.688957
2365768.208280,18353.189825,44,1.132797
2367162.345566,120639.855318,17,1.792959
2371195.175714,1528395.538362,32,1.762659
2375858.052991,98.110775,4,1.230966
2377631.090021,2494.101426,2,1.731306
2382993.397107,3170643.586065,42,0.527062
2386122.635615,221443.244147,57,0.867134
2387797.408205,39.779381,2,0.771616
2392208.945350,286441.081494,2,0.465413
2393728.339280,16326.157989,54,0.017191
2395380.531490,54093.845367,20,1.737649
2398398.148934,50.816092,11,0.869363
2398856.524796,1945064.376215,4,1.760305
2400996.265797,11038.073931,12,1.563038
2402998.551091,40.897459,29,1.384434
2406321.922629,1113.043348,2,0.928985
2412671.152938,35.753034,2,1.983000
2414351.072991,4862.306045,3,0.556233
2415976.571276,41.409163,48,1.982075
2421480.191123,21085.066333,16,1.814628
2423697.490700,8501.888974,13,0.874520
2441355.739272,1515885.283755,18,0.133178
2451591.267276,339.833134,12,0.525798
2453820.007016,2233970.495598,37,1.770173
2454734.788516,13062.806941,7,1.517290
2458048.284585,9.624649,3,0.336092
2460161.604351,214451.826301,11,0.512446
2461092.062809,154.310133,3,1.033293
2463633.933524,22062.802103,18,0.365322
2482340.255565,257399.553884,39,1.770654
2492462.807245,62210.001808,4,1.132405
2492985.837367,8.475445,11,0.259362
2495927.063538,152081.662785,2,0.223201
2502024.743197,1392840.310619,4,0.948120
2503994.235272,7.861860,2,0.718450
2503998.955491,600.613983,2,1.749962
2505270.857071,3.070982,60,0.152658
2509126.955010,2311692.572382,15,0.025304
2509723.994745,7341.465183,40,1.864060
2510134.658324,63.966117,13,0.477115
2523393.962213,904105.285272,24,0.324966
2543854.162569,28.340417,15,0.168916
2544292.179056,440474.054503,2,1.791997
2546745.995086,395.687287,44,0.497104
2568428.576734,19.283469,47,1.792058
2570947.804656,251951.505557,4,0.418956
2571046.413215,139.661849,55,1.486985
2578279.104088,114435.536818,13,1.752882
2580490.448132,178711.426076,19,1.349829
2582744.319094,149.031639,2,1.076935
2587210.141260,6314.311314,16,0.654013
2588757.691776,1152173.791774,3,0.030166
2594397.533677,3056183.040790,6,0.555978
2595196.910688,3427.182172,8,0.899421
2600470.655730,9.984336,3,0.079848
2601205.326792,33828.889459,2,1.797663
2603943.933081,196.287496,24,0.470178
2611671.258581,1988501.524821,10,0.937259
2613509.213048,164368.190204,58,0.195801
2615165.614330,1572463.735383,11,0.421256
2615405.191094,6402.847368,8,0.252214
2622297.612662,2722992.125310,3,0.574457
2625973.921847,460564.331045,3,0.464533
2626981.140577,1337.948843,2,0.733793
2643045.429116,6.364937,18,0.024296
2644420.849695,71759.617226,2,0.649169
2647852.153422,140.841489,8,1.959867
2660306.637506,68.351271,6,0.682476
2666622.512522,244363.022406,5,0.923857
2670371.798299,139.357165,8,1.047102
2674960.666290,7335.730798,19,0.168553
2675762.303613,351124.998911,4,1.896794
2682866.640100,1454.069808,7,1.443780
2683698.073207,204432.941335,15,0.467466
2692625.716933,3561.391040,54,1.065520
2726756.941002,3177831.926453,3,0.970887
2727326.446341,594516.155443,2,1.174672
2729391.174879,1293.818247,28,1.909495
2729564.474256,41.696787,32,0.812382
2736272.317598,97.095391,20,1.807806
2737047.804101,7.466458,63,1.617714
2737226.213528,232355.872600,12,0.423006
2747704.322182,12.349161,3,0.401082
2757540.949886,445613.964962,2,1.870893
2760837.062746,822022.217935,2,0.679758
2761289.021010,11602.536185,11,1.247308
2776959.207061,2283.296405,11,0.067796
2785876.808544,3185453.080091,2,1.516568
2790475.452117,583922.337301,4,1.127569
2827717.961352,49162.312149,49,0.251988
2829162.352829,20826.158586,10,1.490711
2830010.182685,27866.574106,11,0.796161
2843147.148315,1339.708747,24,1.264268
2858421.344895,186870.578614,8,0.280352
2860306.628400,4841.987592,6,1.983963
2863652.496517,2944583.820909,28,0.876814
2867824.975083,38.240936,24,1.921834
2869360.653310,208509.958113,12,0.602564
2870062.415845,512.273472,15,1.249384
2880797.035004,32797.580523,28,1.165472
2885962.526478,116.669512,5,1.553845
2890034.153586,151.387842,3,0.457545
2894955.114239,27195.951406,43,0.242021
2895856.405532,417350.898493,6,0.835252
2898210.311663,155.911576,9,0.514984
2901368.661362,509.015178,12,0.641701
2906020.349854,32943.300464,3,1.454819
2909712.768455,28.926125,21,1.436827
2913638.909863,9.737139,2,0.704494
2915647.675802,38.850665,2,0.164094
2923274.600511,50882.097557,40,1.467558
2924399.320173,109.297582,4,0.745386
2930647.306656,115698.835540,3,0.989376
2932430.319017,2018711.598767,15,0.846369
2947984.289121,550853.233111,25,0.178095
2948112.947126,105041.554667,6,0.063377
2970581.808604,87.365363,10,1.792404
2974043.652490,44608.080332,3,1.641279
2975049.627341,12.048470,31,0.126237
2980780.302608,113177.139059,11,1.920997
2987696.380875,3.098778,2,0.024284
2993980.831382,2699264.061670,34,1.371263
2995879.140600,47649.961655,3,0.428103
3002938.653225,55943.866217,4,0.943224
3008125.952528,159.896567,14,0.340567
3015484.917698,2396.580874,2,1.565343
3021576.683136,4.332396,7,0.683069
3024642.083067,16335.558130,2,0.757862
3040093.664116,6.693498,2,0.606212
3042659.678183,5447.556545,59,1.750789
3045986.228456,65.940083,4,0.270245
3048123.048158,433.846406,38,1.507360
3053789.816163,5.386795,3,1.516157
3061543.689731,176.196749,2,0.460404
3067331.347162,133.276431,21,0.614269
3099662.534445,807681.095478,2,1.960966
3109763.601863,2636.696755,64,0.849285
3114381.302025,8.070509,60,0.525868
3124728.637222,9194.787536,37,0.575735
3131509.958019,2853.455488,14,0.505922
3137401.638133,7195.363246,64,0.060056
3140135.187659,4.642939,25,1.376372
3143143.063048,251223.803911,8,1.076599
3153441.048340,1200541.531345,4,0.205490
3163213.322991,67.301415,25,0.005966
3174307.352542,101.815140,2,1.464815
3175859.972927,4.736796,2,1.449563
3176198.300495,186.762376,2,1.399328
3187188.223234,85.404815,28,1.211208
3202858.662445,74343.162280,19,0.704084
3203385.822756,2654.805468,2,1.332657
3206175.062137,134025.712293,23,1.141621
3212945.662413,192.149352,10,0.634787
3215462.130695,97.858089,4,1.385118
3221255.732429,199074.327277,3,0.214520
3221403.041335,23.511341,2,1.354987
3221589.426999,8944.065547,61,0.033951
3225192.337492,9913.923382,2,0.447837
3228446.755195,2212.790716,7,0.100208
3232074.488625,24652.212177,2,1.596081
3232106.964116,12.834901,2,0.369198
3235090.237317,25.877153,5,1.352079
3235829.145353,21541.035792,6,1.696458
3237941.466583,284.908020,3,1.323571
3242526.233638,34.869901,2,1.690342
3243505.316623,264.008783,39,1.723843
3251014.927830,437455.199371,3,0.711163
3255076.961526,808700.127100,3,1.592629
3272706.939383,27514.095379,3,0.870633
3273389.483232,9.792840,32,0.217050
3278084.383910,3166.942327,47,0.820023
3287384.208902,72.278490,17,0.049580
3288550.695119,85.219359,52,0.025534
3288619.669424,1545.918474,8,0.361825
3301552.870042,54.285654,43,0.571280
3305964.489436,26.099139,21,0.476934
3309606.200649,17079.476245,25,0.797659
3320381.382868,6161.025025,3,1.557801
3325501.141965,7952.649635,30,0.595590
3329863.642396,155.138154,2,1.812581
3336197.121216,2396466.260434,17,0.352701
3341831.848994,9892.410154,6,0.090538
3343699.626935,4182.482368,7,0.895853
3347344.370701,7093.254358,8,1.472270
3362904.428456,10.174029,44,1.711852
3366454.350630,121.781575,17,1.027049
3376295.508140,171708.241666,2,1.614334
3380620.141909,16.767859,10,1.665113
3385513.570564,3889.224926,18,1.623057
3387939.536183,161.635088,9,0.155526
3388678.443827,15.805834,2,1.529464
3392110.296561,95.960152,3,0.331557
3396424.596646,194.119407,10,1.129774
3399673.650610,2426034.449421,3,0.124668
3404163.921934,1194.490584,4,0.179486
3410225.657500,49947.023775,10,1.624946
3413138.183940,34443.458778,42,1.325145
3413809.610393,27.333212,18,0.227542
3417729.902834,4642.194868,14,0.000140
3419260.063255,3873.653549,2,1.925232
3419870.572197,463.330657,2,0.419026
3426653.623350,3118.580021,2,1.558785
3427017.337643,299.933761,61,1.649876
3431246.012175,48346.839174,2,0.216612
3434868.271292,6971.206136,5,0.204120
3438978.860873,324389.919822,2,1.007737
3441085.431387,648.468910,2,1.317582
3443497.402370,925712.320050,2,1.525374
3447888.744767,44644.917010,2,0.785397
3468914.635796,248180.517491,3,0.332822
3487273.626457,23131.615982,8,0.725046
3503292.306143,188244.133721,12,0.221854
3508083.040889,118648.361648,18,1.070124
3514294.311990,22.927297,4,0.754712
3533946.614227,165566.809353,13,0.075960
3544493.175545,6.154355,63,0.658228
3544925.686548,404.162334,37,0.791803
3547365.032702,1250.074022,9,0.375007
3548407.120700,7584.861229,4,0.987251
3549972.235702,143390.503693,3,0.112041
3559140.465216,8.410581,50,1.508023
3569695.486687,537889.574364,2,0.217258
3574412.167254,4.197414,10,0.487512
3580877.807447,415210.926509,35,1.554165
3585381.583811,10277.733851,13,1.410213
3587119.445554,1211.156752,35,1.892652
3611708.689082,12.090854,11,1.888926
3613642.223161,6.952454,21,1.675366
3614030.899209,63.477535,3,0.951447
3616426.703624,91722.012944,4,0.934375
3621515.612241,507464.137649,2,1.913192
3629793.244875,28152.307824,2,0.077557
3633283.968966,5.640434,19,0.104429
3636135.286348,72609.523989,2,0.566440
3643567.866636,53.294325,26,0.825092
3650426.298260,4.294439,6,1.122939
3650700.214908,1008215.858620,5,0.102238
3651055.450678,79.496076,10,1.865612
3660893.997737,1077.288132,4,1.677532
3666636.054449,753.974050,3,0.720050
3667946.111462,9441.758525,41,1.097409
3670696.661920,190012.472368,2,1.992010
3673989.186870,1452200.525108,4,1.739240
3683478.471906,201859.678373,3,1.348188
3686845.441126,227649.059276,2,1.645694
3689100.198579,18.954924,2,1.665403
3690672.908901,12243.564807,2,1.226276
3704147.429345,38.486830,51,0.163211
3710064.034658,11294.982845,2,1.142147
3720706.580883,62402.120071,3,0.684766
3720735.816972,380839.838127,3,0.299512
3721562.443736,155477.394670,28,1.778772
3727570.220686,15449.862414,3,0.730744
3732596.804276,1171.932213,6,0.601083
3735173.397255,12478.984656,2,1.424366
3737970.174368,291450.008335,40,1.653213
3744293.989445,270208.785001,2,0.945411
3746168.917741,247.602765,23,0.965592
3751107.882716,145613.061310,31,1.153155
3765826.719328,1324695.494835,11,0.922094
3778096.807719,6.188550,33,0.369740
3803577.036918,101063.533291,12,1.782501
3804929.130171,30.291187,6,1.545313
3809832.283687,1668.118367,54,0.237793
3818710.736782,2500.848077,20,1.969855
3819477.030965,4.848125,63,0.852082
3826656.889461,3488.958944,10,0.131923
3832365.609842,8.105560,7,1.804395
3851768.331358,29375.682236,2,0.832460
3853061.266958,161916.343480,41,1.449015
3853998.816164,687158.894345,5,1.078969
3857944.747137,724.598927,44,0.884608
3862399.993570,34824.339896,4,1.900771
3881298.587745,114.936029,30,0.927323
3882557.338713,2463.314100,31,1.804914
3889173.133935,33512.298770,18,0.295006
3891795.832245,2256463.971543,4,1.943994
3900912.607303,1014.468371,44,0.125538
3902466.254363,1940.204077,10,0.113473
3908814.378122,8.857887,17,0.168795
3909653.406810,452971.778820,2,1.336135
3910044.977024,1188465.477312,6,1.211902
3910982.746558,42.950742,2,0.217210
3913815.846921,118.023466,12,0.936753
3917798.900218,46.164993,27,1.955996
3925482.591821,99.267112,4,1.773120
3926149.493650,75745.019835,3,1.793946
3926379.211967,268344.820115,4,0.769952
3930878.649761,56.199305,14,0.894417
3932089.867930,3.357684,12,0.726580
3932549.583708,222925.011144,17,1.405787
3932923.972575,952423.178972,2,0.515289
3937760.687249,18.382633,9,1.133040
3938146.653505,4177.401120,34,0.497375
3944496.136917,24458.270726,2,1.782319
3948564.935477,34276.026326,2,0.038707
3951237.217308,1231786.316311,34,0.505310
3953523.832707,36.177878,10,1.327126
3958783.177038,4.961841,11,1.737640
3961331.281115,184123.485864,2,0.883944
3978661.269725,62721.210206,18,0.291104
3979849.406491,9709.330037,4,1.775567
3985519.967354,1989.931116,10,0.313050
3994400.984680,161375.238432,43,1.414347
3999746.749869,5.929392,8,1.805883
4011766.838166,3021.138368,20,0.418797
4013159.206179,82.620903,16,0.884426
4019726.566584,70.292099,56,1.081192
4022513.577317,434864.999373,12,0.193389
4028379.002231,111.263776,28,0.402282
4035327.565815,5236.890986,2,1.450870
4035662.798455,237684.255344,50,1.289459
4036307.534065,751.818821,3,1.063319
4038468.329773,184934.471893,2,1.217583
4046840.439447,34.161806,3,1.526176
4054718.752555,7.420828,10,1.990526
4058128.074614,81.366505,29,1.029384
4065055.869050,1532.052110,26,0.360949
4066179.297470,6.643773,8,0.108810
4071608.128068,48955.825890,5,0.793223
4073243.614330,9222.380881,8,1.810084
4074632.360682,12.974806,6,0.569457
4076578.619317,160893.542398,5,0.950803
4082464.209899,65359.921024,23,0.150103
4083319.041070,537543.284189,54,0.661043
4086292.507409,29246.510622,14,1.854461
4086654.011250,22995.418051,15,0.820775
4086774.147415,29.155685,16,0.763347
4088155.243819,6.343047,3,0.184639
4091268.424808,708.884682,3,0.552620
4100667.694488,15.094337,5,0.206048
4107214.043886,24527.173018,2,1.770307
4116048.917499,246403.699876,3,1.599514
4117347.617681,144306.564537,6,0.841826
4118223.685446,34.306094,3,0.135817
4119697.032585,12165.857149,16,1.976143
4129735.599916,19.574013,62,0.934332
4133793.040220,76639.880554,40,1.088555
4137584.144277,57252.350081,6,1.359883
4139667.624309,1501.063933,4,0.083134
4143672.832056,598187.024845,2,1.305139
4149397.451143,706.257170,10,1.943080
4153679.546605,12.118185,9,0.814777
4155064.617177,375005.422319,4,1.279417
4155511.919697,12.212192,2,0.683860
4157963.181455,3071916.805040,3,1.781297
4169444.933868,303.864659,45,0.278489
4170180.129403,1565.030659,5,0.807999
4171534.255097,272505.172233,9,0.548661
4183353.212598,4.433431,2,0.774359
4187142.738902,194.073041,25,1.117881
4190074.929570,29.856424,15,1.555245
4192004.370709,564109.989505,6,1.178784
4196838.005127,1564.134431,7,1.500867
4197438.943407,3547.057688,17,0.813191
4197933.594548,2970.865249,30,1.953706
4201538.463613,1327.624567,3,0.495715
4202480.042040,195823.107140,2,0.925062
4209934.362986,20.155814,7,1.212945
4213722.032427,2452008.173724,3,1.849025
4230822.606070,230034.814297,3,1.411596
4249528.297134,14404.790682,20,1.666631
4252069.959211,230.947919,2,1.557082
4270755.313595,13239.075428,5,0.369046
4271095.570759,812.198187,3,0.763259
4271453.095929,369672.552644,62,0.212131
4273073.196356,20.029777,12,1.914251
4274212.788006,2444632.367075,7,1.008668
4290140.946637,11.979754,2,0.127197
4291993.486249,9.872543,8,0.085865
4294939.985281,2336421.177430,17,1.502523
4296811.748795,38714.934483,3,1.342294
4296969.127979,674.889069,47,1.090362
4298276.069716,327.874950,4,0.435936
4307971.541039,106.416130,51,0.526119
4308945.738504,1591155.137896,6,0.602972
4310863.091005,403598.037707,56,0.698449
4316377.926190,4.662020,4,1.050226
4329504.113113,2861.640915,2,1.984239
4333536.146658,113050.651551,5,1.529834
4340992.023691,850339.391399,3,0.319736
4343894.895680,2459913.358389,2,1.917783
4354912.270334,20466.904842,2,0.145002
4356445.194685,747.626776,2,0.025993
4358062.981517,9.332487,6,1.622367
4361929.146286,97.360847,32,1.661133
4362975.769684,5.920532,46,0.080574
4375079.837209,11445.937649,3,0.397852
4378786.002847,206.685712,3,1.199734
4387427.056218,299.758149,25,0.374682
4389202.902389,886356.629518,6,0.223019
4392603.317558,7812.319208,56,0.662491
4392688.247159,20.692188,7,1.802320
4394769.198450,2679502.653212,25,1.684443
4400282.886555,228.080780,8,1.023326
4400987.588478,39905.668554,3,1.279849
4403599.261805,319.907153,26,0.025208
4407056.151968,3708.221737,2,0.922822
4411430.907781,1442.557703,60,1.709277
4420364.587454,3528.633254,4,1.867733
4423609.012535,108.939975,16,0.009548
4426330.947671,542535.814217,7,1.632682
4431859.777897,814.867748,34,0.200068
4437857.486684,11545.915057,48,0.614249
4439129.871169,63581.730089,8,1.507115
4439955.751191,1003197.215825,2,0.351900
4444083.990493,44964.634521,2,0.185821
4444725.230429,31763.875566,11,0.660860
4457226.504013,26622.315051,40,1.849109
4463094.610987,62.613627,5,0.459513
4467546.069716,3.044522,3,1.805145
4468557.601974,97654.962402,17,1.786475
4471775.530059,270.522774,13,1.251536
4477490.321112,3269.547732,2,1.757385
4480275.627847,1789245.012857,8,0.904986
4487238.062397,107517.797743,2,1.178543
4489537.507732,2939621.003765,61,1.735305
4491014.405376,38834.041285,15,0.818704
4493804.888578,1199043.554936,42,0.361618
4499466.215534,2813.338431,2,0.796518
4500035.929362,1999153.880577,4,0.755366
4507709.773004,16407.098966,3,0.617104
4516824.625570,1305400.586992,3,0.281507
4528321.445630,620802.775693,8,1.476127
4542350.789308,204.904902,3,1.910446
4543622.921688,128.222147,59,1.656038
4548795.976025,65072.080385,14,1.350991
4563462.334995,654570.041741,20,0.443175
4563852.524373,568.103309,2,0.248407
4564216.309182,63.798319,6,0.822316
4566046.428977,2013.771813,3,1.811966
4567479.256396,36831.829342,18,1.446683
4572458.521701,8.077656,3,1.989820
4578048.867972,5.611314,14,0.069057
4578997.974338,1822656.934110,15,1.901411
4587923.363907,609232.356006,4,1.120349
4594522.506419,94.902271,24,1.043627
4602870.431903,124.935991,32,1.751045
4608198.363207,81.425232,2,1.121230
4609233.596957,617352.444531,4,0.881108
4612216.517172,118.505837,38,0.375537
4612443.248686,386.630833,2,0.513693
4617124.903949,3960.218857,2,0.286219
4622822.162685,275.315404,4,0.288649
4628745.152278,2418.018797,7,0.722629
4630704.299193,32.261513,47,1.895531
4631577.693691,2792.464543,39,1.418627
4643321.811078,30653.466940,2,0.370531
4643631.768202,8271.023632,7,0.193667
4647263.568706,889.184137,2,1.566844
4654283.183896,9.373708,2,1.353369
4666836.833868,373.814987,13,1.998430
4674134.323880,334124.692252,27,0.202635
4677874.248488,43.471915,3,0.990217
4687859.708461,1247.978684,52,1.136153
4689892.633309,5.576680,50,1.396832
4693349.725381,1362775.490693,45,1.057837
4698448.914864,13678.383764,55,1.934510
4705130.891385,43.739246,7,0.084506
4705197.830139,3517.625123,8,0.391525
4705914.503439,278.983258,7,1.622656
4706074.381970,2113.612318,50,1.815892
4707376.088243,799.177508,2,1.353193
4708979.262491,4.539264,10,1.363482
4718543.820815,1369441.481407,3,1.166281
4722100.955795,8238.691174,8,1.940329
4725581.205487,325632.350121,2,1.857447
4725652.910391,776747.271083,2,1.848299
4731764.587576,44450.218948,3,0.788814
4741504.610862,14.911730,6,1.347318
4746065.250591,251913.558496,22,1.167924
4747714.732962,7.699389,57,0.404292
4749232.097370,46207.294424,38,1.650041
4752460.172395,234600.316855,9,1.269069
4757989.035003,1101791.933826,6,1.059633
4759126.051388,31820.427360,7,0.380135
4766357.029047,10106.803259,2,1.926080
4769243.384186,36769.969378,3,1.046254
4775587.000292,106.543678,11,0.291934
4783589.313564,30357.649050,41,1.428442
4785876.820165,5.071098,3,0.104801
4788933.356109,380515.556103,3,1.934720
4791646.537634,45.720546,14,1.461627
4792814.710043,159.071208,33,0.047732
4794455.091684,188.466942,2,0.576798
4803837.482912,2496.079711,2,0.079256
4808264.560998,31726.686618,3,1.249579
4809338.382371,28.000370,11,0.075010
4811844.322160,14915.470126,4,0.438443
4815410.702497,3.311467,14,0.638085
4819461.454736,4.848559,4,1.005939
4820725.809484,25307.114359,29,1.759427
4847238.788468,157.303491,5,0.480178
4859899.286554,5.476329,2,1.279413
4867827.013026,83.561654,18,1.044402
4884096.657584,3.221729,7,1.329642
4887526.494317,12.435590,5,1.650614
4889404.744954,12205.942118,3,0.976264
4889679.494468,2825.893379,24,0.603915
4891627.112452,569.898968,26,1.484457
4892384.744435,1429449.569507,3,1.099522
4894028.618798,10335.777843,7,0.361119
4895171.464649,36734.800987,5,0.301182
4895380.652113,317010.886414,2,0.427470
4898067.824159,27.440553,30,0.680394
4901036.473710,3.554463,33,0.643025
4901799.980752,35.752808,18,0.224246
4910852.654442,295435.304374,4,1.250769
4913653.395845,992.504150,18,1.835102
4921863.502730,581188.236666,6,0.574847
4923470.586356,502222.733699,3,1.066440
4925149.621191,8.972323,3,1.096828
4925288.672931,825.936174,12,1.333822
4931081.850912,285035.047437,5,1.240803
4936211.963440,39.270528,37,0.071383
4940288.740188,66.477601,59,1.670377
4953475.338430,6778.133109,5,0.632923
4956135.937109,4.326017,3,1.597165
4958908.597840,134739.474746,59,0.292713
4962353.160131,1626.976366,3,1.676735
4964018.055891,41.706283,3,1.158205
4969012.476713,3.657475,7,0.678181
4969222.013454,858.203185,6,0.667310
4972680.027814,997641.249832,23,1.322471
4978196.267938,72.473156,8,0.606351
4978597.789746,197847.087110,32,0.366644
4979105.378241,761767.029624,32,0.319694
4993692.829259,4173.637550,8,0.997556
4999007.648554,1720.744119,4,1.485820
4999057.222079,80.489453,19,1.479127
5003326.139609,7.296855,2,1.804385
5006699.260844,281123.419072,2,0.661260
5007780.733388,75.714292,43,1.255677
5012568.298530,37587.646987,45,1.729816
5013833.247197,50.354402,14,0.078104
5018025.221405,4.490255,3,0.260399
5030384.967879,6154.510314,32,0.414292
5038281.102289,57608.580468,4,0.729738
5044498.205102,30.495531,4,0.366317
5046501.546615,7164.526280,8,1.154165
5048605.077545,386.761290,14,0.570749
5051332.663319,58342.921245,6,1.510933
5059570.268790,333068.312178,6,0.037145
5060424.714630,62.245708,23,0.228491
5061564.525769,731.361904,23,0.129496
5064543.504157,75700.943548,2,0.035605
5067362.631108,32696.031748,16,0.379532
5082630.616698,120968.046347,16,0.923764
5085977.013822,24508.595757,5,1.788507
5090504.749095,81249.204000,40,0.298371
5094228.063118,1451936.484647,3,0.434918
5095186.379910,119345.699275,22,1.920754
5110753.230321,4303.042203,7,1.394859
5115211.747143,90221.002900,8,0.133998
5115242.390643,8530.814664,35,0.695555
5118463.209279,93921.701202,3,0.805759
5133239.092967,540695.262693,33,0.585634
5134082.779766,14.876157,35,1.154585
5136349.812762,16375.361548,13,0.155932
5142072.124760,2387.653020,2,1.572888
5148638.135098,153996.037688,2,0.226830
5151257.469531,19515.416976,38,1.572845
5152560.611892,331770.062958,44,1.203777
5152594.737446,1431.927120,3,1.685893
5158193.602056,2137.397609,15,1.834604
5158412.064899,71.698509,2,0.029103
5161094.171977,139.831662,28,1.395942
5161487.103282,155.215781,2,1.591108
5175621.877638,7415.971190,44,1.921785
5192197.658830,1723512.970856,13,0.554655
5194472.426604,11938.209503,4,0.537082
5195445.396650,68.425589,22,1.701660
5196812.032116,1171.477189,9,1.103046
5197297.931410,2195.934138,6,1.853890
5200880.098787,2573643.357412,32,0.774085
5200900.232346,1044.191048,42,1.206965
5202686.061562,75.546404,4,1.927886
5203729.881680,161933.252473,21,1.099909
5203904.412089,212.751819,2,0.961653
5212011.763929,645.778780,4,1.204402
5214493.930309,9.586934,4,0.869047
5221489.087038,1190.710188,41,0.274948
5224075.159187,316404.907756,4,1.768855
5225377.656576,45522.615742,12,0.984143
5232921.349214,1724.672542,10,0.556673
5237324.498098,2048.820639,4,1.479183
5239528.897560,348.844722,2,1.867621
5241825.268158,33.543868,3,1.034742
5248797.544395,13.326758,2,1.013830
5249105.463330,134.346395,18,1.037723
5249478.423705,80218.374569,3,0.951451
5258441.077133,641080.480793,8,0.969640
5261345.516944,16.471456,56,1.415943
5262813.186704,310.694202,3,1.896380
5265822.435165,41.610280,54,1.368380
5266073.434689,17381.012327,57,1.268531
5267581.426049,7309.801348,39,1.915343
5268168.572370,15.515762,46,0.736305
5271170.241275,1088800.663702,21,1.012806
5272376.359167,93.695342,55,0.023434
5273385.778639,6523.370916,5,1.544385
5285702.701789,68802.968021,36,0.100934
5315304.709072,165816.846290,46,1.755611
5315534.546905,124414.609247,36,1.747337
5319292.462660,968.523967,2,0.379743
5321161.710231,2204252.487098,3,1.290938
5326096.272006,1778.196806,10,1.500230
5327357.016614,312231.126968,53,1.266701
5333091.276836,20665.881174,17,0.455424
5337456.427315,37.612975,4,0.543271
5341807.735906,83319.155859,8,0.930681
5346382.315689,23.534129,42,1.125185
5347003.546156,1198717.534541,3,0.834104
5350555.156054,42.200810,9,0.876149
5355161.773929,98834.545175,7,0.115147
5355297.023620,2002.688507,2,0.502335
5362863.159851,30017.333511,8,1.369135
5367335.481626,8.832525,4,0.597835
5380385.423707,36.553014,11,0.645172
5387255.867097,223314.853931,27,1.510038
5389673.114279,22.695608,63,0.139583
5389825.659311,5.423088,17,0.254488
5394189.019509,342.066786,54,1.771769
5406310.657357,162.747222,2,0.720608
5407764.973542,1183.680797,25,0.622468
5412731.239086,6942.185802,11,0.299843
5413796.710655,117048.915015,7,1.595744
5415825.536862,128547.999298,38,0.663739
5424606.993991,90881.760688,3,0.245739
5431198.786568,53.405452,46,0.726664
5434579.104652,13.188440,64,0.535192
5435988.631606,19211.618728,58,0.619024
5442099.962707,14.651250,10,1.490127
5446956.001483,847.844121,17,0.487933
5449679.079432,902.987184,8,1.617518
5460569.880278,7.850813,22,0.047409
5466341.087386,4452.227921,10,0.610605
5466557.824317,6.472410,6,1.863407
5474351.356544,62.971325,8,1.489287
5478954.645914,15.006566,5,0.139866
5489864.374883,23036.016429,25,1.176008
5495703.398771,47962.284846,9,0.088327
5495934.211292,400.632899,3,0.985962
5511931.309328,1556.766331,20,0.923120
5524463.973298,31187.160162,13,1.112622
5527266.464912,1566914.994293,9,1.868783
5527862.198371,5.400509,16,1.311558
5538550.197360,1860346.090851,4,1.268676
5553576.507924,10691.632152,5,0.583706
5574837.258949,294.980023,10,1.451392
5575286.323079,211838.980898,7,1.025559
5575986.052955,8.772448,4,0.785327
5581513.752821,143.426264,2,1.968321
5583373.887826,11.562361,42,0.021284
5583906.405481,6.646773,4,0.505360
5588383.534904,120.638494,17,1.863974
5592075.333636,375885.865662,28,1.855256
5601239.973784,187930.143289,7,0.921174
5605196.953053,162732.186514,7,0.999421
5609694.499570,38.625045,37,0.585417
5612223.953380,41.938708,3,1.832820
5614721.013215,247.413393,20,0.559561
5616471.720629,101861.246792,2,0.988201
5620373.331290,24554.138106,8,1.770613
5622410.259699,299.777598,41,0.250406
5624436.833571,4404.175970,2,1.053193
5632102.943276,16.665383,2,0.921548
5636022.303495,7.052361,5,0.314896
5638472.136827,447707.425010,2,1.400572
5639753.768235,24.569854,64,0.484919
5650661.004264,840550.643112,5,0.001640
5658578.705131,29797.902675,10,0.426753
5663459.858955,1066.779179,4,0.752359
5668579.345380,289076.412627,51,1.417669
5674712.187872,240.454465,33,0.755417
5682822.210897,23.331577,3,0.380467
5690623.912588,189.373281,4,1.142379
5696209.607925,133362.924058,55,1.743597
5705514.472945,85.600012,6,0.923311
5711595.314684,244158.190812,7,0.467589
5715779.472746,4123.864290,33,0.531266
5716557.496754,1714.668324,2,0.040076
5720635.530098,67.050250,51,1.454595
5727545.755231,5.774593,11,0.410124
5730494.741565,415.838498,2,1.907017
5731730.030885,87.419412,14,0.439737
5740960.831889,23692.765050,63,1.978999
5741511.833573,366901.800576,5,1.877303
5762173.540223,540.941468,2,1.919575
5762795.222540,51.022224,2,0.890693
5776043.920279,2970109.298307,24,0.453680
5778712.480652,3.171760,3,0.419573
5780707.469156,458.364518,38,1.323283
5781920.991408,6753.341364,3,0.296892
5795989.486983,29.003657,37,0.285559
5796146.058146,4.166869,4,0.233180
5797650.012022,38.474499,7,0.998583
5802034.139225,9.038985,6,1.195658
5804234.606733,116.706324,15,1.015159
5834449.460315,164.835579,8,0.392014
5834577.676855,100.548327,13,1.683508
5836168.228671,233980.250092,6,0.099135
5836750.408987,165141.483548,2,0.700028
5839947.058512,114165.975463,5,1.870166
5842035.449278,8671.951829,14,0.607582
5845010.707113,210.849978,5,0.050149
5846069.544556,3234818.265971,24,0.810888
5855366.944263,17.839610,16,1.137830
5858051.022128,1719.851188,55,1.377182
5864891.031325,55.097642,11,1.222786
5865288.499137,118.334655,20,1.083844
5866390.794509,10.023031,38,0.335071
5871184.267627,2251416.510402,2,0.260842
5871424.936508,147.803813,9,1.206723
5873281.157122,37.439633,4,1.295308
5883963.054852,761665.486596,2,1.357146
5891294.736080,12690.530432,25,1.883200
5896593.663694,88206.445838,3,0.426146
5901862.606543,10790.592859,39,0.904415
5908472.699595,827.796118,64,1.532570
5909274.802808,1583.121255,3,0.310199
5923113.935922,124.702832,63,0.277620
5926506.176791,464.628094,10,0.542615
5928324.843364,14526.291285,2,1.838430
5928565.301623,111.967760,6,1.665869
5938492.584996,10.839387,2,0.263116
5948701.250306,2494152.052469,4,0.627297
5953091.593501,535.762156,6,0.803844
5958229.043434,840553.048045,38,1.795495
5966662.157830,10591.898471,27,0.446558
5969104.675985,34.363737,25,0.039665
5972702.829539,24.709337,2,1.193226
5972906.070638,67692.182380,3,0.537889
5977402.682159,36726.737457,6,1.606266
5977813.941378,25.369672,60,1.587982
5986950.476911,2240508.028807,15,1.877770
5996383.891458,5961.403801,5,1.826042
6001126.870222,705.788812,20,0.961003
6034968.072724,1357.738930,20,0.529506
6036408.816049,30676.653300,5,0.305844
6040161.131355,8.211244,14,0.892455
6042107.605724,12777.881548,33,0.622156
6058487.158555,1720.101172,2,0.813612
6060579.229198,168324.639713,24,0.740474
6061974.836953,522.993540,19,0.925223
6066274.337282,53.951116,4,1.603378
6067571.334460,122.131002,7,0.776481
6073477.162793,6.946504,4,0.277549
6074250.368984,33.754101,32,1.880650
6082178.739336,11375.137774,5,1.921888
6084406.564339,60553.197362,5,0.683194
6084554.574119,112126.687522,5,0.540750
6086001.639370,5.074613,31,0.354839
6089034.002048,2274.303318,8,1.704977
6089785.191992,55266.718561,27,1.372366
6094646.405358,655625.786304,3,1.476514
6102468.030972,535.057408,11,1.073712
6103982.430395,3457.004989,8,0.235214
6121012.330145,479172.275796,30,1.713218
6127978.013353,728.934516,9,1.455362
6137898.350430,10285.045969,53,1.843712
6140393.538181,175.295342,2,1.681016
6172251.576317,5.464774,6,1.119854
6182712.811078,178.803469,2,1.180140
6183425.940204,16840.230456,4,1.359592
6189119.974449,1091341.254803,38,1.658102
6199493.791900,1902583.034071,3,0.148882
6202831.235413,35851.389686,3,1.324271
6210562.403781,30460.702172,11,1.220238
6220231.814982,74871.633261,9,0.452031
6220591.436292,10.567654,50,0.405457
6224876.530995,3886.291921,18,0.579483
6230159.160984,897.443966,4,1.148957
6238333.063206,9.186707,2,0.728140
6240253.271473,8340.151430,6,0.469448
6242518.348369,541.001194,44,0.294808
6249776.469980,8.707943,18,0.333407
6253574.565398,10028.763526,28,0.304045
6263226.512834,2810.841293,4,0.890150
6264519.357425,20070.500131,2,1.855882
6265091.457638,13237.902608,11,0.592077
6266509.291046,1166207.965707,3,1.315229
6267530.969077,660152.451457,2,1.004026
6271674.399933,1943860.057657,15,0.448242
6274984.917709,470.092282,13,1.584656
6276921.202495,7251.536321,7,1.641405
6280943.850412,58425.938067,2,0.016207
6281297.148902,111248.096870,49,0.285017
6306668.290612,1731382.789160,4,0.311045
6311798.088049,10176.626385,6,1.972607
6314876.024395,2925.718294,3,0.280734
6314969.530014,245979.655348,34,0.846721
6320310.815473,488941.410147,5,0.856313
6325431.552966,438.630849,14,0.567997
6340884.853267,168.209013,7,0.684041
6341337.965902,45809.405853,2,0.661119
6342199.099266,494183.536769,3,0.022533
6345984.290492,2939704.502579,31,0.619237
6349864.334131,23758.649856,4,1.596087
6359143.688913,24.033568,7,1.557406
6359480.354923,272918.955090,21,0.777920
6368206.447395,195.966818,36,0.396751
6371264.674627,5.032632,8,1.420127
6374663.308045,32.726361,2,0.636146
6378504.733072,135541.717100,2,1.471157
6386361.304574,670559.398621,20,1.267329
6395578.256524,7977.680438,8,1.751374
6397692.428218,5.543160,3,1.011799
6398274.279249,5.349240,4,0.766572
6403733.365282,642858.606505,47,0.737941
6408161.632142,289058.570931,57,1.064500
6411169.823536,80354.886759,7,0.519815
6421901.094480,925.541869,49,1.195985
6422469.003746,93.653263,4,0.294770
6425183.260031,4.909323,28,1.708678
6428142.387893,37.933975,4,0.940268
6431511.164828,576220.118431,5,0.949764
6431824.437804,3.751761,2,0.770373
6435143.730926,3006.783248,18,0.884428
6435261.480519,306.351076,5,0.616754
6446744.143562,642932.033117,9,1.781899
6447077.404607,1315.129367,46,0.471870
6450762.788029,86492.810948,26,1.696569
6458893.326787,167703.194716,3,0.662050
6462234.496250,348228.606081,17,0.387766
6463555.613974,31.946022,13,0.212402
6475138.203815,49.865158,5,1.219158
6486474.245128,5759.556606,10,0.037459
6490514.345618,2727.319256,9,0.442469
6492042.410494,914.796016,2,1.923415
6498003.450310,1988.780841,12,1.929575
6498728.102529,74973.504954,32,0.952778
6504468.321780,8336.322679,2,1.342763
6514467.159816,134111.925237,21,1.321202
6517828.225430,11.883313,4,0.044063
6520191.136309,107105.965133,21,1.484061
6523846.858211,5.106043,3,0.111128
6524675.887681,1046661.312863,21,1.351338
6527463.697293,2673134.666858,56,1.205744
6536928.461494,79653.576604,6,1.737381
6544432.785790,530.469389,8,0.990393
6545449.390394,14.348841,2,1.088603
6546164.596320,3.879987,41,0.094584
6546703.509997,724615.750832,62,1.254561
6551359.934749,44.116886,10,0.702902
6559012.545696,2976.296411,10,1.273771
6559408.294523,423880.030584,22,0.829561
6569345.222123,70.808184,7,0.559885
6574998.684299,22.249986,27,0.416416
6575713.686303,12.747072,2,1.712640
6577821.829917,87.833690,47,0.406252
6579425.080207,932.558123,2,0.499841
6583275.643687,32.931053,43,0.385924
6590047.516971,273.211963,30,1.423641
6592664.301972,4.380913,23,0.752708
6592967.490735,85.034963,5,0.046035
6605941.195459,34856.202964,5,1.990930
6606275.090649,63405.176001,4,0.049576
6611574.451495,2387.683452,2,0.483610
6613145.150961,2834.857497,64,1.080411
6615627.989159,17.391040,3,0.702034
6619355.528122,171.451841,23,1.613473
6620208.620146,595663.182232,61,0.359930
6620925.851870,14.656308,12,0.306233
6623804.699852,2808.263895,14,1.388534
6629822.570497,1029.831037,3,0.581492
6633941.241697,740498.481678,2,1.326550
6636531.885571,18.426076,10,0.665257
6637332.551709,33.160326,30,1.673173
6639166.170466,50781.391686,7,0.554309
6641622.200127,319932.777499,5,0.450168
6654019.991190,4015.290640,52,0.612781
6654496.914687,85416.783934,19,1.987637
6654768.951293,9948.964827,10,0.962382
6658479.264627,296.535868,2,0.567455
6662486.211856,2200351.845506,37,1.816476
6664089.335391,3803.905966,2,0.133181
6666522.596163,22.906230,3,1.111232
6679873.522955,1869.046003,3,1.534663
6682446.157430,60769.569286,2,0.246252
6682668.743722,11260.249280,9,0.088342
6684472.949665,2561.935600,34,1.118689
6695955.299915,147.679310,44,0.354914
6698089.866555,166945.073662,8,1.807487
6698363.579364,2132935.673566,29,0.272140
6704941.303964,74075.062389,7,0.601963
6707093.878155,106.220662,7,0.338746
6712699.152712,475470.110157,27,0.331607
6721098.787060,114.199204,19,0.175629
6735997.560284,81724.390749,3,1.081706
6738778.393499,2596.880725,13,0.742745
6744002.558738,19769.926867,5,1.588414
6751867.162299,1334.993278,3,1.287140
6755353.825249,1929628.751528,8,0.554202
6755924.828358,1726.709659,6,1.181821
6756844.264386,21536.732174,4,0.108277
6757263.540754,16845.022758,16,1.051276
6763351.019326,535866.242464,14,1.277601
6766205.258185,351788.177913,2,1.497075
6767877.735642,83.625120,7,0.360252
6770604.573269,7.953637,58,1.925642
6773821.582763,180694.535150,4,1.596399
6777424.958463,63234.957539,7,0.290667
6781237.223898,1251.170376,2,0.168389
6782480.647296,22752.393188,45,1.757234
6787023.621616,10855.071927,14,1.681824
6796416.899959,948.684171,33,0.241251
6799806.233881,21694.060033,3,1.600779
6820562.471445,146.425837,2,0.962652
6825108.067980,1431349.196077,36,1.014292
6825454.332576,153.377199,17,1.688370
6839352.465795,84.154053,23,1.378315
6842550.971476,335203.868236,8,0.720409
6843223.690706,472611.126713,12,0.080614
6859873.272330,6.425440,51,0.374052
6864798.774307,9853.042927,8,0.449780
6868180.370687,26.486395,5,0.337783
6871252.181720,70.919964,3,0.570430
6876813.514307,219703.595166,23,1.632358
6878494.130206,42667.833533,2,0.611241
6880325.453318,334.320299,26,1.258078
6885922.571432,3047515.259259,2,1.591434
6893854.254254,186.808374,5,1.141375
6898629.188207,12.896556,18,1.235970
6901048.951180,1407149.642422,3,0.726128
6906029.228861,8.242363,7,0.777394
6914664.427883,8.730211,20,1.909109
6921586.929030,134.587629,19,0.703870
6921991.983778,6279.857466,5,0.594288
6922889.775491,35415.884215,3,1.052270
6925265.842342,19.980086,3,1.623149
6925328.128810,33.438447,11,0.861575
6925577.295540,13002.089506,15,1.335518
6930794.203270,951011.714113,32,0.091179
6931311.205310,2044521.405247,30,0.532678
6931646.350787,11.867282,50,0.318978
6938839.785971,143628.245560,24,0.924297
6945423.522501,1552.640250,24,1.665923
6950970.721910,160925.196370,8,1.922472
6966784.695339,211.237255,5,1.740368
6969084.036303,133685.390678,4,0.877153
6971742.416486,531.932311,2,1.038179
6973084.985365,100366.216919,4,1.043425
6973634.439602,159109.085202,16,1.308197
6976640.798570,2354865.565928,6,0.048148
6977436.853960,7.277108,3,0.424681
6979978.295792,342752.459140,19,1.826234
6981451.443949,2895.480883,15,1.751160
6989832.494121,20711.287023,24,0.975766
6989959.505084,605.647204,50,1.270969
6992838.158735,35.077942,2,1.909141
6993089.789877,216151.481783,4,0.387191
7001010.345430,173687.924763,35,1.804981
7010966.669599,22800.682922,3,1.559685
7018618.186330,1890014.555254,2,1.945223
7024326.785676,1565207.913298,32,0.504033
7025030.784332,225647.631993,24,1.756894
7025229.225889,300842.991501,11,0.449918
7027865.972133,1081.684392,30,0.877011
7031137.788763,8236.452617,57,1.418307
7034660.922161,1059035.387222,4,1.282891
7036015.480734,1708130.610112,33,1.177415
7040253.301689,1672.366558,2,0.360844
7041500.326353,21.226343,2,0.684280
7049802.761508,1167663.196974,27,1.989020
7060390.230669,3468.457801,49,0.168018
7066567.824277,8426.448823,2,1.186740
7084275.344255,399.254550,2,1.730968
7089129.700725,161.123115,6,0.768562
7090680.356694,27.578204,13,1.780754
7090812.577549,8.400364,6,1.525147
7091954.509949,597794.272982,11,1.452172
7093094.655098,3.423770,10,1.855565
7094532.802917,1741971.088667,54,1.823118
7095075.261067,153.017361,2,0.581139
7097797.521031,3.922414,32,0.362774
7103253.493985,25.798599,60,1.512007
7117716.446355,6112.059578,28,1.256239
7119081.005773,1037.236967,4,0.579758
7119671.230962,4.915618,4,1.682329
7129930.082216,83702.493615,3,0.459876
7130462.707898,213282.141689,2,1.447300
7130684.112805,6.184449,2,1.878985
7144708.822027,2913750.417728,5,1.704462
7146970.226797,14278.749000,2,1.827881
7151600.796321,204013.176971,49,1.383228
7152218.410346,249122.113293,5,0.222877
7156648.147174,3.374011,35,0.902117
7157540.919811,858.288996,27,1.946396
7160108.479982,4.574192,5,1.896426
7160319.040924,9327.407695,8,1.996543
7164923.579286,650.113142,4,0.650386
7165255.539514,53.147232,42,0.624890
7165568.780959,64249.353481,4,1.572904
7179460.601624,16576.438926,11,1.685553
7179860.481733,1266.841282,14,0.519421
7183198.654846,61.834079,55,1.995209
7187067.040612,662.921451,13,1.493826
7188947.092326,38993.194985,46,1.149243
7195971.057326,3736.287737,20,1.130089
7196599.835533,17492.428587,46,0.909617
7199878.921717,562.143122,43,0.270888
7206037.634757,22352.376942,35,0.492157
7219087.182200,50576.243682,2,1.345003
7220557.386290,410.464575,2,1.321983
7230853.322024,807624.062546,7,1.666877
7232326.831062,60493.514417,2,1.318513
7235214.008496,32.477158,10,0.912203
7243605.142890,88778.307745,52,0.068310
7246214.202148,12.713479,18,1.228755
7256068.618907,418.081677,2,0.524446
7269968.471208,628.804255,46,0.999418
7274708.786048,84.328607,49,0.936418
7286052.764122,4.127169,2,1.285903
7290828.063563,280410.868207,3,0.650882
7298561.819091,969342.719809,55,1.786096
7300052.353051,4.358839,40,1.735698
7300578.443671,1175814.564893,17,1.627453
7301141.163486,44.350304,16,1.644828
7303935.405990,1092199.234138,18,1.271746
7312796.201902,3.604534,6,0.766979
7319689.223947,10908.288004,3,0.412438
7320918.451141,1498867.134717,9,1.320318
7322019.485999,7048.077327,22,0.944579
7330866.431577,471.507071,11,1.660921
7338114.940504,735.773327,2,1.825223
7340066.617699,8.691521,2,0.117657
7344762.597336,204.581003,2,1.269268
7347849.457979,931.139185,7,0.084425
7354344.815492,358222.692335,14,0.007580
7382334.150270,31.070879,17,1.138213
7383054.828639,194090.668313,6,1.941079
7387234.781481,22535.709294,27,0.941803
7394106.706093,431719.803026,2,0.591381
7397363.134870,300273.364648,43,1.936558
7397489.053641,77.483630,20,1.211721
7415635.069128,14285.188657,6,1.403282
7420070.641966,7715.303206,58,1.597576
7421927.131254,68.345059,3,0.941104
7422563.827788,63514.242597,10,1.765271
7438443.987569,748.990169,33,1.881689
7440115.781952,1009484.312606,13,0.844582
7440988.163840,1497.620499,2,0.485377
7446745.658107,24200.669675,20,0.567777
7453561.088117,2109239.124805,17,0.852286
7458479.213069,206.176238,2,1.833153
7467226.756795,1765625.750751,12,0.016297
7467481.472679,65800.560326,30,1.097127
7472863.856558,637.252365,12,0.927653
7474360.197152,138521.213181,4,0.900443
7475962.147482,49814.269891,2,0.783635
7479724.238106,113536.829943,6,1.239038
7482095.201147,169794.351775,14,0.400665
7485232.707036,24.036243,9,0.678162
7487300.032913,34414.116642,2,0.488013
7488965.399912,2503898.529305,44,1.974102
7489138.374666,56556.283668,2,1.980537
7495828.932877,1658.473709,36,1.369314
7498910.708674,197.011863,36,0.327310
7500973.257255,44395.424599,15,0.341637
7506127.244083,293372.290436,19,0.865851
7506990.384333,22.447470,2,1.494599
7510561.455517,60172.863043,33,1.224994
7510865.022487,519766.698338,2,1.596337
7518045.902046,300.089472,35,0.183852
7523123.676870,98854.738429,3,0.011445
7530643.454565,417.104132,23,1.835418
7531637.916161,110263.502049,49,1.735382
7545071.758757,390.002716,3,1.808783
7545485.789174,375401.976874,32,0.152199
7550191.308114,214.175646,58,0.472193
7553904.053815,11068.692714,2,1.308707
7567191.148206,535290.379420,53,1.624224
7568670.410682,18665.861155,10,1.344047
7583629.762367,83832.881508,34,0.526569
7584669.084003,37.804473,8,1.278392
7594754.270277,4.069939,11,0.202797
7594932.368322,8297.943495,35,0.223122
7598895.272020,35.617146,2,0.793707
7599511.455826,19.942496,14,0.851076
7610125.907580,2144.166524,10,1.921596
7618377.543933,132974.155476,46,1.341491
7626871.750920,198273.315306,6,1.483954
7628698.416905,55103.523603,8,1.075187
7630485.827542,2579207.104830,63,1.577171
7630555.539828,33465.221096,9,1.208697
7636072.445046,65691.299380,11,1.738061
7641894.896145,6.411875,7,0.445931
7642643.987919,775.558295,9,0.577954
7646853.052810,2399272.443827,34,1.786811
7648846.816855,10602.731893,8,1.322949
7649483.715962,24288.572353,2,0.788277
7659024.463934,65256.536999,57,1.422645
7661132.452463,3.749733,15,0.199409
7666037.529188,1821290.183739,15,1.782375
7667254.017377,238.395065,3,1.255924
7668729.290016,177.834237,28,0.476559
7677349.043243,15.130839,13,0.437707
7678121.384386,456.780218,3,1.649538
7679115.012803,2215.914750,2,0.917033
7684579.012604,290876.363709,10,1.932784
7685798.631405,96407.366519,2,0.008545
7692790.568913,93428.849982,17,0.071675
7695107.140437,54.065662,2,0.451374
7697533.411983,9.105284,27,1.676772
7698265.730587,26946.766434,5,1.900001
7698493.766923,142.745285,50,0.974501
7700555.981576,122.592310,62,1.376613
7705490.845034,1206574.215331,2,0.066663
7705500.903887,27607.361109,3,0.193727
7708012.061010,55114.577582,55,0.774597
7708712.985035,94.898697,3,0.492817
7714406.376806,49.014947,8,0.504247
7716012.381268,917063.579465,54,1.422477
7723294.137790,8.686564,9,0.483235
7726795.956549,83.865694,25,1.322857
7728917.100741,112.019034,2,1.221355
7731523.733745,2286.922780,42,1.573794
7743076.484529,12.004827,47,1.141775
7745474.995454,172.364412,3,1.135899
7746229.418185,186948.124329,2,0.764904
7754395.076545,549802.597488,4,1.910421
7756802.542536,13259.214223,28,1.308990
7760810.682587,86.625890,18,0.674817
7765111.982899,1217.303112,2,0.680690
7768704.095239,1706478.233765,4,1.481569
7774653.266021,12243.281079,4,0.751997
7779780.960462,7717.044843,35,1.252923
7784451.441338,82.326470,2,0.358082
7789760.536428,16678.100873,2,0.060418
7798635.232789,1475.363254,6,0.583878
7803215.562474,137982.778377,22,1.373824
7809803.719908,2610911.264112,2,1.151909
7821510.174971,1186191.897864,47,1.887918
7825479.555521,292.457459,27,1.137291
7827336.702893,897383.585103,2,1.638249
7839329.176575,2564654.528253,5,0.952413
7848032.340450,527870.210913,2,1.817332
7850874.002107,31.566990,10,1.342098
7851393.461064,120778.516367,17,1.648184
7858683.167015,126.018232,2,0.035223
7861660.660609,52002.034969,23,1.346693
7863537.744677,116003.870726,9,0.129547
7864765.954459,77.636898,2,1.650107
7866797.161251,632.741945,4,0.400358
7880815.889251,11.979947,31,1.458988
7883968.935312,1756989.650030,3,1.123045
7901142.536450,13.116829,17,1.549089
7909119.259754,1705.345328,10,1.400141
7910366.076984,2317.591171,24,1.760352
7910894.620128,5521.637257,18,0.419381
7912341.319508,122.594629,33,1.126072
7913658.788494,10.262331,53,1.913481
7914042.574294,2720105.824260,24,1.199422
7917102.289273,191805.087927,3,0.149580
7918586.610434,406869.437173,58,0.987348
7924862.019635,692.253490,4,1.932230
7946521.669909,58378.272136,37,1.705124
7947235.874650,15879.012594,5,1.632114
7968953.717292,88931.644605,11,1.535896
7974511.496753,203.859562,2,1.078390
7976755.737466,142.727082,3,1.213805
7976962.734615,658092.289765,2,0.459378
7978281.576368,86.403463,11,1.263945
7979166.760236,2976.102967,20,0.393234
7985324.212804,54.451756,2,1.689696
7989893.472065,30.354382,4,1.059872
7991942.866720,28.702830,60,1.773025
7993319.987173,379767.901841,16,1.835721
7996668.738813,39241.309891,4,0.132146
8001027.163611,822996.254098,30,0.243723
8011312.659581,852.905463,4,0.351239
8017508.533559,8188.532423,6,1.124486
8027760.113964,64.252324,3,0.213703
8044804.691435,478813.949017,53,1.369732
8062520.778451,41.931338,7,0.686860
8063767.290360,107341.284368,2,1.171020
8070482.376165,56469.519961,4,1.119673
8073557.838376,364411.727415,7,1.903046
8076470.276723,8.501474,14,1.626717
8078000.503375,374807.686708,2,1.367581
8078953.429888,58579.295356,20,0.569545
8079079.796682,6.923255,29,0.262176
8080937.218269,633.557275,5,1.933977
8087983.631398,3166.570845,27,1.380259
8096082.511991,86.734556,9,1.632553
8097767.591242,6105.135750,43,1.505071
8101918.359570,8981.221473,51,0.294731
8101935.112044,16.339092,47,1.609880
8104720.779527,2703.128694,15,1.840007
8107365.152501,26.741762,54,0.739872
8111739.512844,7353.575758,2,1.873386
8121206.714916,23725.829947,47,0.088688
8130262.739152,2150.445903,58,0.199918
8131148.981448,11.485447,22,1.510412
8131172.534573,262.060650,6,1.266455
8131984.478207,60.539749,6,1.608901
8138848.371216,58.725266,2,0.671614
8142004.095551,2392.193427,28,0.901606
8150026.232209,14111.617389,64,0.336909
8152382.389598,3.128048,29,0.720854
8154086.110129,420.997936,2,0.194323
8159649.431635,1510017.843494,3,1.440245
8160797.866672,2051150.508616,55,1.876977
8171460.742985,1888.723515,26,1.819462
8177232.870884,12.777013,9,0.611488
8184413.179866,1135890.254464,4,0.071459
8201004.005211,90544.552349,15,0.227088
8203276.397215,1265.256214,27,1.667707
8206363.843894,17776.050271,2,0.990625
8210571.409662,14204.970312,2,0.413101
8210867.238083,3826.038475,14,0.928205
8211408.709726,47136.111978,23,0.342025
8228843.156618,51.754836,8,1.336988
8234550.477951,187.299993,23,0.191091
8235022.814978,18570.801450,24,0.058952
8240612.971946,1632.841354,22,0.692965
8247393.090261,164.172273,3,1.746595
8247421.488688,131165.014548,7,1.476630
8255882.824426,127797.183770,2,1.301163
8259656.369096,1941635.904586,22,0.432170
8260373.249229,16.863928,18,1.239980
8261408.915691,1409486.897525,13,1.083128
8267887.957855,181829.745722,11,0.881125
8273381.719090,1265.114761,7,1.545746
8278202.738354,1646845.419832,50,1.036642
8283005.721903,2518184.307407,11,0.215670
8285333.124549,2206184.299934,4,0.615917
8288978.862504,15.350965,10,0.163865
8289968.190778,380.803656,7,0.781999
8300496.815428,63818.074988,3,1.101442
8305024.609906,1144839.657514,7,0.673496
8320596.654485,59605.392205,6,1.210866
8322927.753427,70.703253,27,1.885745
8327627.396700,1002.061371,16,1.828722
8333339.520601,78253.929987,35,1.525551
8335546.438078,611188.851220,33,1.722186
8340992.002979,108.283402,5,1.538904
8342100.832510,236601.135878,4,0.443056
8352234.480982,368173.777379,15,1.835723
8360661.246784,197.105850,3,1.663444
8362382.547733,22.017285,52,1.104208
8375451.781232,41.778743,27,1.817535
8382968.839979,81.864538,4,1.140431
8383467.758145,497.715087,31,0.419605
8390564.393825,321.296778,7,1.757479
8398029.549859,6.702796,11,0.843389
8399306.926064,17.162538,2,1.434799
8399615.189157,168814.824000,37,1.449050
8400036.955340,1422152.066313,49,0.451989
8400336.468872,18.076749,39,1.518161
8404064.620783,3007391.886196,17,1.798657
8404424.301005,15.310660,48,0.968609
8405396.158173,103.636904,16,1.705903
8410654.184761,181347.977062,24,0.417768
8414516.475568,17.392703,7,0.776025
8414681.076181,289.566079,8,1.689951
8415650.116218,230.158855,2,0.991406
8415878.123227,1102.995202,4,1.770138
8416573.569340,54236.243177,2,1.064048
8426340.502751,566620.556843,5,1.790443
8427042.232088,388.320949,3,0.646346
8429868.936507,169.381545,2,0.086327
8439023.993194,491556.842603,7,0.472236
8441068.470239,42.485390,27,1.975132
8442861.287765,436945.459151,26,1.715126
8448161.951459,2997946.003186,3,1.377995
8453390.140729,6779.846373,3,1.106396
8453505.921738,14.802483,3,0.086370
8459340.121463,46.742205,2,1.502536
8464066.786826,897.522256,14,0.330787
8465814.280740,460065.170461,3,0.961687
8467999.683237,266945.517084,20,1.802641
8470508.307050,90.837262,2,1.676168
8470795.554412,248833.668964,45,0.223825
8483736.057397,972.767815,2,0.185861
8487240.342068,2182.166984,12,0.226676
8487364.932722,244043.923969,8,0.455550
8494899.387575,521196.416961,2,1.850224
8497219.826578,4395.946812,2,1.374135
8498233.756445,19116.998782,3,1.452723
8514642.970750,196188.513395,2,0.181071
8520148.441173,9470.711023,5,1.804597
8547258.322157,592910.782258,9,1.004571
8548348.880028,64068.644589,58,1.828787
8549810.096247,5248.245142,2,1.513320
8552929.015291,8255.286618,35,1.412553
8555461.525086,89768.078540,2,1.508541
8555539.234846,9.041381,6,0.697645
8566606.906030,404.607941,36,1.221426
8566787.629363,910.872747,11,1.873325
8574331.682248,37596.429828,37,0.762064
8586302.078467,937051.567840,2,1.882386
8592180.639924,5278.874902,5,0.789864
8600324.851490,584.174057,5,1.202421
8605429.365167,54631.926669,2,0.423211
8605754.172084,34.366685,21,1.016069
8620139.314895,68994.457781,27,1.831484
8627419.869862,3.112246,2,0.462828
8629683.601473,4930.766753,8,1.975523
8630943.923819,35.368460,4,0.288659
8647398.074584,3009.061599,8,0.231159
8648487.032005,6.134698,40,1.056444
8648505.878523,9696.351578,4,1.573977
8653177.192482,3.608215,8,0.797991
8657161.075496,4.490105,26,1.849621
8658874.470585,49104.943620,3,0.023301
8659009.241963,5.723214,5,0.914385
8673870.822223,108.196666,3,1.864517
8675132.790712,1208575.665463,5,0.109668
8675846.511980,1364.687111,21,0.728161
8675978.973212,225152.188714,37,1.501265
8676577.760478,1687.661012,6,0.158306
8682944.703872,6.184971,9,1.224156
8684865.823092,29051.451591,25,1.778139
8687766.200406,29770.300869,9,1.841241
8694833.859339,164727.679596,2,1.929943
8694852.112297,1386459.302191,54,1.728983
8696677.051285,100411.678619,2,0.238691
8699085.836021,697.913419,39,0.250420
8703701.152959,205115.704648,16,0.313866
8710361.769945,58151.178803,5,1.555379
8723481.675436,3.646047,6,0.451515
8726279.137816,65.730178,46,1.043262
8728731.433622,56.102126,33,1.501287
8730733.318953,461.580066,21,1.090381
8732301.718550,1324721.134222,4,0.780705
8732409.757211,24218.092035,29,0.660148
8736511.935578,766.946697,7,1.697401
8740787.734718,943.229013,34,0.670147
8741126.950947,1445031.029619,2,1.538158
8744764.594389,1245.381910,2,0.395821
8747768.683093,1136014.302916,45,1.659840
8772986.161344,226959.622657,55,1.615838
8777646.268603,85.308343,10,1.650222
8786578.912807,87.859870,9,0.016143
8790618.415319,1443066.220752,9,1.168770
8798237.028787,6.940691,2,0.530691
8808513.752893,223408.708780,3,0.073223
8811944.014019,5.412881,7,0.915921
8814585.917869,375049.359658,2,0.240298
8822969.916944,150.529957,45,1.367579
8826462.257577,16.415405,3,0.019029
8826759.423391,64.510903,25,0.170108
8844801.398865,53.929392,4,0.414691
8845157.431052,53275.558617,4,0.749822
8854889.285242,1825799.486629,2,0.456658
8856811.944879,883.590214,5,1.175348
8858925.390687,8.866473,3,1.761008
8859325.322108,273970.709534,4,1.377093
8860454.385420,61095.660548,2,0.174366
8865474.371936,3.805961,14,1.291533
8866649.669484,159989.522157,5,1.585531
8870803.355581,2012.370962,6,1.576482
8874073.507166,1320.254541,2,1.455979
8881464.567352,25061.930921,2,1.058702
8896474.566169,269.422572,2,0.322444
8896609.166100,4144.564313,6,1.195601
8897582.643107,628.983982,52,0.339792
8897781.861311,12273.325804,15,0.760800
8899520.228827,742773.957803,31,1.670144
8909059.385619,6.563191,4,0.565399
8911487.999567,292.411665,44,1.321977
8917072.399017,20144.578504,2,1.495326
8925564.455162,8000.443213,13,0.251124
8926697.784805,9.880050,5,0.877861
8928293.050810,21.079627,5,1.092840
8928387.517621,43405.865509,2,0.503786
8930751.475349,473629.447138,4,1.052784
8931894.824103,385715.508706,2,1.605279
8936538.275959,2452722.496594,2,0.007598
8937061.341122,195238.031339,3,0.468673
8939121.434221,1783692.702432,5,0.032476
8944240.517708,3141631.083794,3,0.766653
8953104.863639,3.024450,2,0.929977
8955352.323235,106.637406,5,1.575980
8955516.066699,34.461426,2,0.257024
8965020.239037,4.383272,59,0.668649
8972599.625576,2886518.726184,3,1.178624
8974203.293326,1440537.190456,2,1.825598
8980927.748970,8.699825,4,0.727048
8981713.146932,3075333.435641,28,0.450175
8982464.125578,43.424221,55,1.793411
8992146.885930,5.263963,5,0.230472
8994572.059607,287.168657,5,1.655143
8999402.546830,6139.853494,36,0.755012
9007726.858527,19342.527255,10,1.015560
9020142.161112,445.247109,62,1.755460
9021399.211168,82850.670805,26,1.465754
9032794.425128,547429.941599,17,0.891347
9047723.954917,6.468066,4,0.826559
9054877.259584,167740.158078,7,0.181379
9055434.747655,134.484436,28,0.860449
9056593.823149,3577.197289,2,1.558835
9058164.448066,6553.722234,2,1.005379
9059539.873937,12643.957954,2,0.855930
9069030.319792,2226.639165,2,0.917825
9069108.809268,44640.321670,17,0.830670
9069969.114397,216.469890,2,1.267570
9070842.748256,1075.556238,3,1.955304
9073068.831443,52925.348550,24,1.515496
9088644.278808,3751.123525,29,0.398111
9089426.070402,354.057407,6,1.907607
9095241.757511,1379034.003481,8,1.960415
9101565.987391,264649.979486,16,0.660784
9106067.013060,30.612075,39,1.293182
9118529.225856,150.093722,35,1.668418
9132814.410393,581817.698315,10,1.721222
9136278.468923,60600.117924,6,1.818959
9143693.315898,59.270884,13,1.426723
9143903.133146,2782049.404069,2,1.238207
9147634.466763,3.861599,8,0.685929
9149893.632434,1052.396516,52,0.957339
9149965.949177,4943.736978,2,1.075008
9157695.137264,4.592013,2,1.249048
9158953.531759,377283.614916,2,0.756625
9164104.186778,322.196807,10,0.726888
9164813.481757,309213.653576,58,0.702142
9167012.578144,2532826.838988,12,1.169031
9167805.285213,8272.266755,63,1.964377
9172461.535418,41.324928,2,0.986291
9184957.313540,122.164477,16,0.465424
9192468.075475,9818.445977,60,1.524610
9192787.805097,18437.995291,26,1.820902
9193042.655117,6172.891229,55,1.088345
9197286.331512,725.507561,19,0.827392
9198315.387648,203560.855369,11,1.897024
9203071.304263,4.340903,11,0.073296
9210835.556808,100.419476,34,0.372642
9212008.524392,16.623645,15,1.126153
9214343.091458,3720.841154,12,1.162361
9215981.738659,3.074279,7,0.837800
9216904.574638,72.862126,3,0.787877
9220211.756378,138808.573340,3,0.138380
9223976.130781,135.694666,2,0.610453
9236553.927083,10.829079,12,1.438189
9238917.782329,338.956001,3,0.399283
9246240.221521,1007931.350341,47,1.351361
9251549.013110,3311.081355,11,1.108174
9253013.163667,7.227378,17,1.892362
9256608.452649,895.861302,6,1.083945
9257307.091816,16313.769810,29,0.901494
9261080.893045,7.722394,17,1.261319
9263591.180103,435526.547949,3,1.044034
9266820.909323,469463.398627,2,0.161916
9267162.747230,277712.220256,8,1.206555
9269583.465686,9.558870,3,0.033432
9270132.727434,650128.913637,3,1.402877
9272786.003791,29.465834,6,0.519367
9274746.698934,458855.954782,15,1.706349
9283130.128396,517.114687,3,0.430654
9285198.284843,23.462491,4,0.266699
9300634.902320,92408.058986,33,0.443161
9304440.843505,14.953034,15,1.407762
9304547.001309,159.292684,60,0.762235
9305787.785739,6.123560,6,0.852487
9306974.265443,13842.488555,4,0.052161
9308541.128185,39169.343861,57,0.000583
9310141.257535,5.464391,11,1.111828
9315743.125340,3.736752,5,1.925462
9323697.787993,1445481.219405,2,0.356926
9326619.909910,1742246.584432,5,1.909836
9332888.241437,87856.647603,61,1.106182
9333920.030885,145.847747,7,1.560509
9340468.791125,3203.637845,4,1.642516
9343074.917096,21.009290,2,1.935352
9344211.480572,29.684738,2,1.596647
9349130.102947,384.411220,4,1.480286
9351026.639012,3.872335,2,1.333779
9352060.456969,2274.653712,35,0.514804
9362038.632307,4142.879321,24,0.906469
9363032.463897,5.284211,8,1.779406
9365666.867765,39681.608693,3,1.256190
9368903.294505,3029349.637179,32,1.629178
9378747.361268,2865.875783,23,0.355855
9384262.468934,2754817.657907,15,0.350443
9384807.468422,210.251297,25,1.307170
9395776.051187,2063.637796,28,1.175892
9396820.615731,32.797193,2,1.962427
9399993.120227,3036.061186,28,0.706801
9403109.933507,2631.994077,29,0.564617
9403277.131417,13810.551572,16,1.207861
9403803.182530,3074.142110,2,1.326796
9404619.298836,133586.849643,14,1.292340
9404708.758000,1656.125305,10,0.048500
9410139.255983,6068.507904,49,0.249439
9417020.591089,26653.023939,6,0.102850
9431332.180081,3.847647,10,1.413938
9436838.230315,13511.709280,2,0.825323
9443204.302248,110.207938,2,1.789834
9447736.933453,589902.443725,5,1.852836
9448861.416812,106.114101,7,1.456082
9454009.977783,2262127.603827,2,1.476175
9454151.232929,181316.534689,2,1.029300
9456152.793175,351972.579912,2,1.570150
9460989.028162,6.699771,9,0.822359
9465274.976283,225496.411653,32,1.552963
9466812.909728,8450.375778,62,0.358466
9471660.638255,4678.293545,4,0.814021
9477593.792542,579.277282,2,0.681404
9480453.477196,3.231479,22,1.323833
9480526.282458,4.852008,35,0.993602
9481614.300542,985487.679314,3,1.260726
9481676.206112,453.281049,3,1.955999
9484507.681040,388.045833,2,1.668006
9489851.201550,18.773265,2,0.789785
9507263.390889,1694359.874725,8,1.523045
9513708.955720,96749.069406,15,0.232944
9525244.490779,1035843.357361,2,0.696635
9526054.948785,319.392058,44,0.218299
9529979.980310,33372.340488,16,1.035705
9534226.501870,428578.297786,15,1.111351
9545099.111716,10108.492031,3,1.173210
9546094.748392,435013.741411,2,0.930591
9551435.877800,7235.660665,41,0.986928
9555498.364454,343.506689,3,0.690058
9558355.942804,186128.972979,2,0.443200
9560662.098704,22519.772597,2,0.521305
9564979.539549,509.408818,26,1.231446
9575063.586521,1214.063791,30,0.440502
9576266.779649,6860.623327,7,1.341907
9581192.518741,13.346581,6,1.220412
9582040.823686,31.131652,3,1.922722
9584899.780067,10340.425983,2,1.446897
9592113.594125,20.356067,3,0.022467
9600741.508902,20.695872,3,1.965444
9612972.446307,124593.108891,46,1.079440
9613144.826719,880254.078542,10,0.712582
9613166.194960,46.604693,18,0.483736
9625923.849733,202151.773337,23,0.211523
9628499.334799,316.593104,16,1.614119
9632815.384274,2438704.053706,8,1.199285
9633643.844331,39328.486033,21,1.519970
9642545.234887,71894.020148,2,1.411601
9644707.469524,51525.585049,4,0.654547
9648755.686205,793.761073,22,0.364496
9655237.495499,140080.157134,34,1.854551
9663412.624353,346.684320,11,1.347538
9666606.784601,4033.607956,14,0.495258
9667431.593125,898.409589,2,1.944813
9679491.862801,15618.090523,30,0.728597
9680831.728805,208385.974818,5,1.007646
9681621.519608,133906.062824,24,1.386513
9686934.828041,631792.087244,2,1.794883
9687031.853031,1008.296183,2,1.207418
9692148.666358,1536.505130,2,0.710982
9700228.387791,1375.189358,2,0.019233
9700329.341200,134257.051334,13,0.647419
9702903.845885,34.098488,2,0.697753
9704367.492281,42116.060662,23,1.561668
9710179.184043,118276.717867,2,0.758176
9712149.029511,77688.884454,30,1.490364
9719246.728695,1369096.017931,9,0.543238
9724643.620138,98.618783,20,1.878795
9724685.381606,4797.037426,23,0.071659
9727044.487605,148459.424263,11,0.735362
9736310.742208,34718.896412,4,0.307421
9738167.405819,277776.111579,26,0.996529
9738851.918828,80039.259243,9,0.793735
9742739.869355,75796.814213,3,0.339141
9743647.386677,28.168620,3,1.161334
9756094.621646,47.392491,58,1.290596
9759178.358902,192236.187959,3,1.705057
9765219.869848,5245.673155,25,0.148995
9770500.272102,1502959.032313,25,1.691120
9771760.172605,188.382321,2,0.058436
9773243.345122,467714.195659,14,1.876142
9774183.761519,3.795223,15,1.599668
9781936.106337,306.208402,7,0.889456
9786325.536816,83411.802499,21,0.361485
9787684.843921,4199.089575,24,1.052407
9799182.756361,192.791250,16,0.331701
9809111.621250,868464.615175,3,1.520434
9811378.484917,10289.995741,36,0.537771
9814565.412046,2193.614826,20,1.960275
9815063.211433,663.557557,16,1.251473
9818806.183623,619.750523,2,0.441009
9822644.397029,243.255003,3,0.242531
9825683.581060,101.150529,5,1.453108
9832896.994063,423.974578,13,0.177978
9832974.889048,14609.413873,2,1.404707
9852521.668370,13620.873331,59,1.347420
9855465.061873,20.871754,13,1.277144
9858625.896894,11.305346,17,1.467347
9867659.151993,130.613878,8,1.089767
9871224.669451,141791.451543,5,0.163628
9871327.886909,7.515959,8,0.157104
9884723.003489,11.567306,5,0.088457
9887180.105307,11348.810450,45,0.441057
9893589.398933,94530.681849,4,1.892985
9896578.720028,12.865244,23,0.025972
9897999.887105,2961.656920,6,0.204667
9904113.487293,9.316047,15,1.522306
9908455.189838,291466.216582,3,1.572703
9925996.987675,697.567878,7,1.876286
9927785.723909,54.411846,5,0.041429
9928661.166724,7622.596408,3,1.173159
9929127.347095,315.083774,2,0.666185
9931232.415005,16656.157558,9,0.589098
9933131.661391,55481.360465,3,1.871475
9945642.420122,1970876.432498,40,1.081487
9949062.244950,78.562635,2,1.710307
9955566.303002,44882.721387,31,1.049532
9960098.171472,1251.411750,13,0.938926
9974774.868937,15.953943,6,1.137211
9976063.864139,93.316685,2,1.952264
9978448.532089,6.351661,2,0.999409
9993292.124305,3147232.756567,32,0.317026
10005362.033503,1083.512216,10,1.809374
10006322.119706,197.584977,5,0.869847
10015633.151330,2540.055634,41,1.073591
10021441.136892,209.599526,4,0.854205
10024998.759591,5.360566,5,1.260699
10025353.245766,37544.308174,10,1.519488
10029952.319574,378335.644688,3,1.870131
10037616.383435,111694.929425,2,1.183258
10038580.004545,89441.773222,17,1.424620
10040118.598682,3.849486,12,0.062527
10040829.287699,3859.952484,8,0.400988
10058316.715255,18.463327,31,1.133749
10060343.209593,1823262.348752,22,1.844137
10063889.694132,18.618214,15,1.071273
10064731.086226,429.584941,7,1.038306
10066193.285002,96.468406,2,0.650685
10069282.382357,42.289074,28,0.038104
10069578.714145,5.786141,9,1.530723
10073923.751946,1129.164790,11,0.294497
10077673.494674,19653.648870,8,0.230662
10085488.166349,1811429.241009,9,1.333880
10088038.189600,882.877231,21,1.363059
10112194.103754,58.651691,47,1.606305
10117847.946901,93689.758133,4,1.673733
10118395.717103,95.359905,50,0.932628
10124543.859159,1261033.012213,2,1.530138
10132529.891191,2094114.119403,2,1.441507
10136115.388010,239.260554,2,0.414682
10137344.898287,59.243265,3,1.405227
10141331.073267,3.853308,24,1.446729
10147709.685247,16058.550414,2,0.416852
10151108.454275,2862.651440,2,1.055753
10164717.386875,70296.921392,3,0.133029
10165448.000642,6064.943640,24,1.810532
10166818.124154,40048.192666,57,1.932787
10166881.456191,891.941509,6,1.498666
10173504.530878,4.037149,23,0.724825
10174391.029110,480857.856412,21,1.699703
10174480.624164,962336.722695,2,0.416871
10177335.837053,7.929623,9,0.635742
10183555.738161,8.385037,16,0.500789
10198812.802623,81.548096,7,0.896659
10201456.711054,55728.453725,2,0.667068
10208490.038997,31.018168,49,1.922516
10214047.711827,1482952.248560,48,0.870818
10214518.171230,2996983.844120,3,0.869037
10222486.517112,62616.852925,5,1.710219
10226668.988562,808791.113795,3,1.751566
10234797.540451,1764.864140,2,0.397037
10245007.047555,1295.539492,55,0.112132
10245115.298499,572.023348,5,1.816085
10248585.643492,254974.701331,29,1.427854
10259036.481214,942813.167228,56,1.007992
10259379.706496,1232585.716359,16,0.271518
10280639.893758,279.102010,4,0.135973
10294708.046353,43.553586,55,0.033790
10299729.418225,3051295.805110,14,1.399421
10303759.695418,43.395599,20,0.492233
10303906.058371,476.767505,30,1.874082
10306555.286417,531934.541726,28,0.495011
10309025.172103,112.267774,4,1.736752
10309788.181287,1152327.366398,9,1.633707
10311072.078632,34.504109,50,0.791293
10311926.210104,329466.310406,2,1.119157
10312057.015895,4762.639650,7,1.580612
10317729.099935,533.161500,5,0.225209
10322989.889629,63633.692843,39,1.345823
10330654.315917,4667.418952,9,1.460358
10334545.934568,3116.749310,9,0.777623
10339076.770634,72.231325,21,0.928334
10340101.605456,1319.686109,4,0.513730
10341282.992849,8410.921541,13,0.244606
10348681.583414,1899.283662,6,0.203107
10348754.123830,225.642413,16,0.990602
10370776.908372,1568801.448343,10,1.064773
10374845.212292,1218312.283603,11,0.332176
10379943.656366,2385560.372898,32,1.343540
10393800.372595,1735.009177,29,1.319722
10397306.039147,622899.763151,2,1.778434
10405687.090379,571315.596224,4,1.692718
10411059.652439,451088.296141,4,1.749179
10413147.584196,224.709275,4,0.435646
10414811.279820,8409.338586,7,1.086104
10416642.778967,12960.650259,19,0.986703
10422877.141350,2555061.442042,2,0.647892
10433062.719871,3343.173268,23,0.836223
10443623.652063,104206.222442,3,0.865674
10446138.750940,9.897293,50,1.834768
10450462.591072,18939.614729,39,1.735235
10460952.474059,6794.823756,26,1.635685
10477145.505276,11.714969,2,0.358908
10477646.337391,206.844644,48,1.297671
10483924.185268,124073.568195,8,0.972443
10495135.271447,9.741706,4,0.077213
10497745.195647,1614.644786,14,0.923429
10498813.753130,9423.711883,39,1.157415
10499197.190566,15578.724697,8,1.912109
10499621.891413,459679.454217,2,1.687135
10500582.331064,16.184623,4,0.593428
10504282.570620,760.277053,18,1.506458
10506070.603228,339.887546,41,0.651520
10513739.099475,18.235081,5,0.169394
10514967.262801,3.420896,4,0.546635
10525405.887467,42.271187,31,0.436240
10530806.929807,5.240653,2,1.208895
10532135.323545,8.434228,22,0.909296
10540767.222181,23.771135,3,0.121620
10540917.725103,127.760384,13,0.701871
10546609.412243,18.084620,5,1.273691
10552049.454767,109388.008002,12,0.307567
10554339.185056,2572.901150,2,1.563440
10559473.562185,5792.484641,2,0.171212
10559511.971684,107.351535,2,0.319976
10561835.212906,18.218769,12,0.453625
10562125.185976,5443.003365,13,0.612984
10583634.731000,20722.816544,49,1.210398
10584118.766333,75.336583,4,1.839503
10589045.064837,128.731185,11,1.060966
10591914.905883,4292.779439,13,1.408849
10592262.744844,282.003677,30,1.038897
10598275.837492,1846.356394,2,1.805886
10604691.203190,1007646.700578,6,0.404335
10612722.842431,13.485327,23,0.939323
10614029.099214,332202.327589,4,0.647522
10616107.789399,620298.888844,41,0.535124
10618850.295467,47.734220,45,0.767463
10622598.737990,36577.698924,3,1.117308
10622855.590239,301839.319105,8,0.706639
10643232.569527,6055.568854,2,1.536019
10652009.121873,5022.713796,35,0.929925
10659458.514764,15.736390,22,0.214542
10664994.707438,37507.426536,12,0.469395
10670824.205315,50486.288475,22,0.969424
10676423.762092,1245.096499,2,1.627923
10686891.958715,305899.172648,5,0.513850
10692014.857021,1083.730492,2,0.408127
10692067.595645,1068.949682,2,1.454924
10696623.677976,6.055063,3,1.960713
10703022.556060,156.874036,61,0.020026
10709937.205168,290.305816,3,0.662132
10709986.848961,1543.931077,58,0.648593
10712740.584643,36052.883325,2,1.403175
10732342.000046,44486.183172,4,0.052221
10733240.610467,1039.918917,8,0.081919
10734623.813838,229.023546,18,1.478395
10738481.962506,2581236.954518,15,1.315890
10739614.581792,24463.709700,24,1.532060
10743321.768427,320.704238,15,1.197811
10746453.094189,15974.735860,21,1.660461
10755850.955368,30046.622850,2,1.231405
10759602.024153,512.132222,2,0.301379
10764926.533486,13608.354090,2,1.976069
10769342.663751,157067.724487,45,0.338378
10769948.730648,21450.791808,40,1.063119
10770350.000356,6.844049,35,1.299770
10773767.169196,193814.215648,10,1.123662
10780446.712607,4.360009,26,0.542480
10781011.547063,14160.694245,26,1.966080
10796007.785721,669.891656,5,1.916648
10796385.198917,363354.366068,3,1.619147
10800475.142464,77630.016561,7,0.576952
10806021.504987,167626.704504,3,1.749091
10808606.293757,18.372472,5,0.744417
10811512.457355,116.670918,2,0.671584
10813960.863898,612.794625,15,1.969759
10822004.350551,945201.150841,3,0.780556
10824876.209705,283987.633490,7,1.978547
10825776.923687,228.384037,43,0.019268
10832624.668214,12517.358200,4,1.244339
10834247.043785,34.054905,3,1.456424
10837827.245018,315.562828,42,0.233883
10844940.511011,225.050584,3,0.834093
10845187.580780,2261490.484060,9,0.804129
10847390.926425,77.758209,4,1.073640
10851189.149008,162287.869188,34,1.554201
10852189.635459,2930.035262,12,0.100948
10863910.564740,4887.948764,11,1.969146
10864547.560853,62.745860,55,0.217177
10866580.406286,6.854074,13,0.370951
10869317.177059,280224.850474,19,1.692810
10869623.646489,214.093825,2,1.565566
10872550.572474,12244.165254,12,0.262225
10873627.312433,66.174295,3,0.722008
10874543.046520,83.302984,6,1.578096
10888202.905719,1550.895361,6,1.341542
10888893.339027,87.690007,7,1.128308
10889875.885700,3289.124096,6,1.924714
10893469.209076,3731.012406,40,0.119077
10896552.739022,481640.753375,37,1.426956
10909354.379198,5693.933604,7,0.998216
10910386.791009,7277.132988,26,0.434147
10914679.230915,9.868041,8,1.749142
10917490.533443,45721.678680,2,1.919066
10921517.219638,1356.220713,3,0.647936
10922540.595441,447112.488220,5,1.355418
10925168.959169,102640.986970,2,0.094249
10929131.397863,448561.500234,30,0.453750
10944640.496464,22947.699227,2,1.032753
10945675.290554,9.093157,3,1.925795
10946380.758309,807.596241,8,0.067369
10946487.808547,379936.974457,12,0.679895
10955662.561884,1148462.903348,4,0.534135
10958828.398379,60053.908053,32,0.669629
10959327.286125,566.637393,12,0.126005
10970586.954003,556293.414630,58,0.622238
10992094.613885,35.150149,3,0.982927
10992271.928866,2059.845231,2,1.095603
10994951.237363,51571.153820,22,1.705318
10996653.949517,564.244563,17,1.070823
10998992.902923,1333.963301,2,0.405981
10999082.412322,203.755272,5,1.910039
11006735.407249,2078403.763951,27,0.895388
11036603.195898,923.602163,48,0.116240
11038088.116729,20997.511666,16,0.946156
11040351.416736,36.386605,37,0.622176
11043039.273148,1261040.081274,2,1.332518
11045111.480083,24563.182664,7,0.058605
11059555.200652,83.211172,11,1.687984
11076820.561136,385626.533115,2,1.916425
11090703.433501,48264.039534,10,1.440518
11107759.321823,390.932179,5,1.793993
11121209.184851,2204.711326,12,0.435468
11122768.972282,558101.164980,27,0.330447
11127352.985573,61.849068,2,1.925847
11128278.633627,2941359.726028,44,1.853370
11129297.365188,2671568.196538,15,0.706988
11130286.494449,626.788368,2,0.333004
11131913.433452,74.172789,24,0.620591
11132446.005791,5.063493,4,1.372298
11139788.073436,8.934411,6,0.729164
11143361.934915,43.547195,2,0.780119
11143438.878463,49.970141,2,1.263553
11144469.272401,1540.662720,50,1.732738
11151857.825213,10040.624844,34,1.954654
11157844.432683,569747.917541,49,1.231917
11167670.596168,350628.832994,15,1.110169
11169557.544372,5.036904,6,1.428302
11172803.798758,49503.513461,14,1.240191
11181059.188659,1190.714335,26,0.251024
11185612.889598,372.580205,39,0.481909
11186863.655251,5138.595758,3,1.412817
11188214.888117,358428.448027,62,0.795819
11196225.224487,8.907204,7,1.182704
11196960.597900,13.256134,8,0.980497
11197924.966359,36016.393629,2,1.201251
11201791.864668,3066034.137975,2,0.669522
11205467.923734,13.741554,25,1.341402
11205857.697689,1178.198146,16,1.828987
11220258.027182,13.740808,44,0.972436
11222017.811143,372.571263,29,0.378431
11225085.804503,3.474603,9,1.383977
11230761.291519,22.891135,13,0.924034
11231598.640627,1310198.608739,12,1.229698
11236012.154976,5339.721546,2,0.126118
11236738.767306,15.044165,11,1.535986
11243280.252717,1958.789004,52,0.141521
11244459.302036,13551.567748,16,0.597772
11250746.058244,15038.791494,7,1.767396
11251130.992279,73083.513338,2,1.029608
11253520.385445,1090540.958414,39,1.297248
11258912.354693,3638.957942,2,1.789982
11260644.229905,27.023254,23,1.302495
11265127.758959,1311.206156,33,0.132884
11275063.880573,356.106834,5,1.150209
11279267.739241,3112.334815,53,0.866177
11285243.330045,5.777896,49,0.350269
11285654.729657,3491.716029,3,0.039009
11289196.695011,68308.747418,11,0.460649
11290353.045300,19293.244350,30,1.247975
11293312.558489,109341.753582,2,1.791369
11299761.891200,255.366621,32,0.443960
11300589.535455,3983.793178,28,1.559875
11304028.505632,50075.260605,3,1.404314
11306506.262842,40.650946,7,0.327923
11307516.850804,1718017.922854,2,1.247894
11308953.774617,32.120389,4,1.573233
11310960.172686,6.421315,5,0.988362
11320640.653190,332.924767,28,1.877026
11324171.336109,1253.797245,31,1.373366
11327217.686244,168.457659,4,1.955216
11328682.569288,179462.617533,6,1.580271
11328755.957002,5161.973915,12,0.636830
11330852.149346,2558703.428856,5,0.075563
11332932.841124,34.860963,30,0.895932
11333267.420104,1313316.266353,10,1.504133
11335118.414869,166.833433,45,0.018246
11340062.564550,102152.294247,2,1.543893
11343730.078574,111653.401159,2,0.117452
11348227.683424,58539.096874,2,1.553161
11351297.354079,1192.806386,47,0.699462
11367097.350384,154.930696,30,1.177645
11371186.877143,135.693845,4,0.689630
11373759.602305,57498.492176,2,1.298701
11376472.453812,16.449107,3,1.303116
11382149.772652,6.086687,41,0.743457
11384335.096684,886886.326967,3,1.129954
11394091.183041,13432.062160,10,1.898850
11396799.022188,619.494009,7,1.800441
11398201.643618,2790.941363,7,1.570057
11398616.239058,446.311176,3,0.314443
11402588.060282,2095.359066,2,0.672573
11403160.617145,2355917.993053,23,0.295402
11429266.565641,155.998455,2,1.088914
11434556.210156,15.879239,14,1.614881
11439765.920891,7061.891992,9,1.565726
11441855.218732,51720.684529,19,1.832514
11443500.620794,452.383616,4,1.553977
11452100.997031,31783.183723,17,1.843588
11459633.096047,1179134.345555,2,0.722173
11465031.497613,51055.405668,12,1.898603
11467445.000642,180.209981,2,0.245577
11471810.497091,144458.419122,26,0.227131
11474011.406062,300488.414753,2,1.936277
11475422.402068,21.297726,4,0.846572
11487421.110974,21396.279903,62,0.369958
11491220.100078,3979.550136,19,0.102919
11498905.221852,29974.860889,24,0.550084
11499767.760449,41145.396376,11,1.235493
11506506.102402,105.188897,14,0.610825
11513655.258104,6.462085,5,1.008785
11517815.982805,11061.400349,2,0.834279
11528369.959444,596713.696841,4,1.632193
11529717.771748,4.214574,12,1.041217
11534498.939139,442.289590,61,1.875461
11535693.881840,42.383981,3,0.821383
11539532.574183,22898.149921,10,1.643525
11556791.610041,96.276783,22,0.292402
11560052.162416,114.868987,10,1.613945
11563715.986972,7890.534285,2,0.129955
11568178.411289,1395.344513,7,0.773840
11572391.558453,32.101020,11,1.311941
11585714.061215,14.389695,3,1.233960
11590561.657255,24003.388564,3,0.220082
11591354.109589,17568.718929,2,0.789874
11601231.017604,524197.817531,64,0.471811
11613333.811097,21356.731526,5,1.061619
11614712.642277,1724431.870098,3,0.649467
11615950.875321,685.049103,21,0.001902
11618007.064781,533.954590,16,1.682534
11621953.803599,45134.268635,2,1.003445
11624992.319923,20432.250173,54,1.070640
11625571.561077,16579.221927,9,0.527255
11628645.894313,3.871915,2,1.458829
11630291.956915,3408.694181,22,0.874716
11631758.226174,11.179799,39,0.790959
11636729.167272,365099.637454,14,0.938705
11638375.117969,3.316596,59,1.339676
11639172.756748,7046.809386,2,0.717322
11644862.356628,734359.008670,33,0.835496
11653173.454719,18.901952,2,1.834112
11655397.466965,28324.455017,16,1.029759
11657898.337971,594780.060080,42,0.456026
11664885.591030,1473256.576444,5,0.438325
11665421.050426,7.822516,3,0.117706
11665456.510642,528.019928,4,1.666142
11665748.452824,3.770296,47,0.140461
11669225.380609,54393.882292,12,0.312291
11671367.976782,110550.724263,2,1.083899
11675341.328356,158257.345303,48,1.596730
11678364.300202,46997.780132,2,1.420755
11681781.527109,52770.456909,2,1.635971
11682215.216179,116501.978813,10,1.674681
11685749.063840,291.303012,10,0.155982
11687119.852544,70250.910671,3,1.707157
11694405.510914,188.917130,2,0.306142
11709160.861919,45572.802681,27,0.238912
11712135.745852,15992.435180,2,1.340955
11714303.906151,10318.203913,3,0.390092
11732227.186920,38865.338241,23,1.122975
11739269.759449,247.530643,8,0.958351
11740688.328487,54286.493666,8,1.592944
11743482.491262,382605.386023,10,0.713050
11743713.793437,830065.907917,12,0.120091
11763481.698786,52242.194764,2,0.426189
