S_ime,R_time,Processors,Sigma,id,type,Max_resource,Min_resource,Total_cost
0.0,8497.339534,2,0.245417,1,2,6,2,16994.679068
96.641811,70.963555,2,0.972174,2,2,6,2,141.92711
158.235652,18009.100135,4,0.560986,3,2,12,3,72036.40054
284.825017,123205.228198,29,0.880554,4,2,87,21,3572951.617742
510.830423,31.017399,44,0.752653,5,2,132,31,1364.765556
631.084572,7.175732,20,0.453731,6,2,60,14,143.51464
1530.677092,431.726863,30,0.46404,7,2,90,21,12951.80589
2006.793248,9.924151,83,1.134929,8,2,249,59,823.704533
2616.149851,2115.852686,4,1.169688,9,2,12,3,8463.410744
2997.961296,759.758628,26,0.146437,10,2,78,19,19753.724328
3864.707998,123981.272674,2,1.691955,11,2,6,2,247962.545348
4047.869063,32227.446102,4,0.438828,12,2,12,3,128909.784408
5117.81732,1554.068799,5,1.433392,13,2,15,4,7770.343994999999
5308.748802,34.790836,121,0.879695,14,2,363,85,4209.691156
5969.85387,231593.482555,4,1.075416,15,2,12,3,926373.93022
5989.904663,8.371296,141,0.968447,16,2,423,99,1180.3527359999998
6271.997316,73573.783163,296,1.274554,17,2,888,208,21777839.816248
8075.964178,580.758792,5,0.512425,18,2,15,4,2903.79396
9300.942951,1191.782551,2,0.774593,19,2,6,2,2383.565102
9494.201907,15.790373,8,0.994014,20,2,24,6,126.322984
11147.827952,338025.845896,10,0.565415,21,2,30,7,3380258.45896
11313.271481,97.626799,17,1.111541,22,2,51,12,1659.6555830000002
11630.940784,40.19389,18,1.013811,23,2,54,13,723.4900200000001
13686.71097,7159.558649,4,0.551172,24,2,12,3,28638.234596
13822.680521,907.507948,5,1.697329,25,2,15,4,4537.53974
14394.082783,9267.474527,307,1.433619,26,3,492,246,2845114.679789
14847.515315,162331.529208,296,1.691546,27,2,888,208,48050132.645568
15613.500629,14259.82672,8,1.469098,28,2,24,6,114078.61376
17424.971574,294.11005,9,1.027437,29,2,27,7,2646.99045
18490.990884,6152.196136,12,0.756208,30,2,36,9,73826.353632
19441.25707,36.135244,5,0.91612,31,2,15,4,180.67622
21526.380562,414367.078653,44,1.901678,32,2,132,31,18232151.460732
21761.89561,1147.38942,10,1.185098,33,2,30,7,11473.8942
22294.716518,606597.185863,247,1.472275,34,2,741,173,149829504.90816098
24162.398621,171760.178542,360,0.797668,35,2,1080,252,61833664.275120005
24314.602515,8790.048867,202,0.352298,36,2,606,142,1775589.871134
24555.766248,660.57663,3,1.819047,37,2,9,3,1981.72989
25681.900612,1474723.657415,78,1.529392,38,2,234,55,115028445.27837
26493.494566,1467.068005,8,1.23592,39,3,13,7,11736.54404
26811.594497,5.012044,305,0.954853,40,2,915,214,1528.67342
27200.171931,4421.403852,34,0.946808,41,2,102,24,150327.73096800002
27290.494386,101.573043,23,1.426432,42,2,69,17,2336.179989
27779.238549,657.54415,165,1.163059,43,2,495,116,108494.78475
28030.342613,88704.456986,5,0.722286,44,3,8,4,443522.28493
29263.323275,18274.016427,377,0.909749,45,2,1131,264,6889304.192979
29270.316263,5.991726,6,1.810925,46,2,18,5,35.950356
31049.221967,1280.596086,2,1.231706,47,2,6,2,2561.192172
31064.355154,2330.344159,3,0.946907,48,2,9,3,6991.032477000001
31385.506683,1131048.287483,38,0.818877,49,2,114,27,42979834.924354
31465.968623,8.287455,5,0.233691,50,2,15,4,41.437275
31641.38842,97.479011,2,1.403179,51,2,6,2,194.958022
32366.723187,44089.009658,112,1.17532,52,2,336,79,4937969.081696
33141.588282,22681.200307,2,0.668241,53,2,6,2,45362.400614
33179.209012,222.363275,100,0.205654,54,2,300,70,22236.3275
33224.348883,46932.470016,83,1.017181,55,2,249,59,3895395.011328
34174.307916,637.407869,4,0.915404,56,2,12,3,2549.631476
34475.561339,54.553556,110,1.345087,57,2,330,77,6000.89116
34953.828808,2423571.75783,43,0.425924,58,2,129,31,104213585.58669
35951.348283,2926.886151,4,0.455021,59,2,12,3,11707.544604
36417.876196,30.980894,3,0.407656,60,2,9,3,92.942682
36467.529135,19.003666,413,1.257874,61,2,1239,290,7848.514058
38099.085086,358184.102094,2,0.493794,62,2,6,2,716368.204188
38488.877808,456305.579295,24,0.563694,63,2,72,17,10951333.90308
39023.816758,87825.807328,24,0.035886,64,2,72,17,2107819.375872
40606.048529,58.860262,17,0.568106,65,2,51,12,1000.624454
41391.912738,102436.211331,45,0.832186,66,2,135,32,4609629.509895
41469.996184,330.471445,2,1.691556,67,2,6,2,660.94289
41663.701932,1008987.580273,155,1.511337,68,2,465,109,156393074.942315
43033.998338,157.304765,2,1.227968,69,2,6,2,314.60953
43398.366647,4.648143,7,0.121882,70,2,21,5,32.537001000000004
44225.107785,19.998485,6,1.414277,71,2,18,5,119.99091
44439.076445,2627183.526319,3,0.629308,72,2,9,3,7881550.578957
45707.255992,45.102172,101,0.427123,73,2,303,71,4555.319372
45920.68851,1467844.884791,390,1.02764,74,3,624,312,572459505.06849
47226.910568,16732.387747,461,0.278341,75,2,1383,323,7713630.751367
47593.540449,44402.264448,6,1.712024,76,2,18,5,266413.586688
48300.193804,14.897064,255,1.157831,77,2,765,179,3798.75132
49020.166465,155.609916,154,0.959988,78,2,462,108,23963.927064
49984.612834,13685.296682,142,1.891246,79,2,426,100,1943312.128844
50095.517018,25681.739802,117,1.581026,80,2,351,82,3004763.556834
50570.924906,922679.505773,135,0.885978,81,2,405,95,124561733.279355
52959.40735,2946618.954497,101,0.572462,82,3,162,81,297608514.40419704
53395.513723,12866.055784,409,0.757459,83,2,1227,287,5262216.815656
53542.830926,42354.933844,19,1.185723,84,2,57,14,804743.7430359999
55233.24926,202484.141858,125,1.713812,85,2,375,88,25310517.73225
55553.208108,44722.254733,12,0.710195,86,2,36,9,536667.056796
55906.043456,250487.805501,12,0.695554,87,2,36,9,3005853.666012
56410.281774,500.088348,5,0.355732,88,2,15,4,2500.44174
57824.900472,32578.058268,5,0.126131,89,2,15,4,162890.29134
58332.655939,402127.920681,98,1.802042,90,2,294,69,39408536.226738
58395.893838,1990021.657177,5,1.350623,91,2,15,4,9950108.285885
58403.570706,125.162596,25,0.768849,92,2,75,18,3129.0649
58407.110551,1553606.620721,16,0.770026,93,2,48,12,24857705.931536
58628.28755,282912.446831,63,1.895184,94,2,189,45,17823484.150353
59332.772285,5.756886,66,1.144815,95,2,198,47,379.954476
59536.083357,3.393693,397,0.904089,96,2,1191,278,1347.296121
60095.236346,411.192156,234,1.286641,97,2,702,164,96218.964504
60317.740759,19314.835357,7,0.41564,98,2,21,5,135203.847499
60368.082348,49.788776,404,0.719516,99,2,1212,283,20114.665504
61202.44959,6.593878,13,1.836625,100,2,39,10,85.720414
61744.213658,78.529048,2,0.166314,101,2,6,2,157.058096
62862.674967,204614.137365,163,0.240369,102,2,489,115,33352104.390495
63058.81279,4222.469131,45,1.200216,103,2,135,32,190011.110895
63336.076218,182.412846,144,1.866996,104,2,432,101,26267.449824
63464.399641,433028.367737,82,1.545461,105,2,246,58,35508326.154434
64217.408204,4.476622,6,1.406888,106,2,18,5,26.859732
65007.608729,15.115639,4,0.652518,107,2,12,3,60.462556
65014.283836,2623.891532,2,1.610492,108,2,6,2,5247.783064
65856.411464,4832.683706,3,1.718889,109,2,9,3,14498.051118
66606.650642,2935.157923,15,0.178815,110,2,45,11,44027.368845000005
66651.056478,818288.101286,6,1.270798,111,2,18,5,4909728.607716
67078.309746,1198408.389873,80,1.537425,112,2,240,56,95872671.18984
67343.124549,5.524463,107,1.661708,113,2,321,75,591.117541
67376.462086,267802.318947,211,1.894263,114,2,633,148,56506289.29781701
67845.576222,48.346838,3,1.187584,115,2,9,3,145.040514
68608.408198,684571.640795,32,1.429058,116,2,96,23,21906292.50544
68618.575006,23373.999037,239,0.533884,117,2,717,168,5586385.769843
68984.252546,124112.240966,4,0.504515,118,2,12,3,496448.963864
69091.720258,827799.261888,37,1.173217,119,2,111,26,30628572.689856
69124.778062,4998.773582,32,1.609732,120,2,96,23,159960.754624
70184.109167,127.544595,70,0.667556,121,2,210,49,8928.121650000001
70368.434976,16966.396815,109,0.589601,122,3,175,88,1849337.252835
70562.858852,143.76045,454,1.210572,123,2,1362,318,65267.2443
71386.319139,26.131653,7,0.936863,124,2,21,5,182.921571
71490.643297,215.574133,7,0.841331,125,2,21,5,1509.0189309999998
73444.008026,500.788016,15,1.186498,126,2,45,11,7511.82024
73502.791037,134688.184048,16,1.178353,127,2,48,12,2155010.944768
74227.530848,291.811787,93,0.114549,128,2,279,66,27138.496191
75930.859804,165195.493317,279,0.08521,129,2,837,196,46089542.635443
76423.03776,203.233367,31,1.515292,130,2,93,22,6300.234377
76451.769043,12755.278665,2,0.526609,131,2,6,2,25510.55733
76468.377262,206.793346,12,0.801925,132,2,36,9,2481.520152
76820.431369,221.517106,65,0.010973,133,2,195,46,14398.61189
76978.380058,228.633575,5,0.997096,134,2,15,4,1143.167875
77076.508133,7262.872392,3,1.508692,135,2,9,3,21788.617176
77448.454528,49.766663,286,0.182039,136,2,858,201,14233.265618
77686.422157,5.624603,34,1.514349,137,2,102,24,191.236502
78017.524892,77076.942242,46,1.944321,138,2,138,33,3545539.3431320004
78429.019425,5090.727289,16,0.358066,139,2,48,12,81451.636624
79090.708162,1670269.545084,204,1.134629,140,2,612,143,340734987.19713604
80014.846875,1019.553642,2,0.750742,141,2,6,2,2039.107284
80313.704046,1077520.434039,11,1.040395,142,2,33,8,11852724.774429
80982.898351,47.201629,2,1.79197,143,2,6,2,94.403258
81600.350878,2318.174422,73,1.955685,144,2,219,52,169226.732806
81723.983021,2671.856965,468,0.516027,145,2,1404,328,1250429.05962
82117.574393,12138.354707,48,0.75602,146,2,144,34,582641.025936
83750.225717,12426.254437,39,0.160551,147,2,117,28,484623.923043
83920.208256,46538.711876,266,0.266512,148,2,798,187,12379297.359016
83980.764881,2023.117372,14,1.924435,149,2,42,10,28323.643208
84593.080492,283.074417,193,0.107491,150,2,579,136,54633.362481
85344.024384,543577.113117,142,0.557696,151,2,426,100,77187950.062614
85818.137473,216515.443817,93,0.160744,152,2,279,66,20135936.274981
85888.703699,24.114726,132,0.950369,153,3,212,106,3183.143832
86059.702897,76.348155,320,1.302074,154,2,960,224,24431.409600000003
87269.788899,6906.814539,183,1.102341,155,2,549,129,1263947.060637
88257.986055,1061791.694195,197,0.084107,156,2,591,138,209172963.756415
89415.315066,318.027333,194,1.889171,157,2,582,136,61697.302602
89432.23983,844.01946,14,1.398285,158,2,42,10,11816.27244
89743.287301,10991.079275,53,0.767232,159,2,159,38,582527.201575
89831.306961,21.008812,7,1.580859,160,2,21,5,147.061684
90081.731708,1219367.299839,9,0.997981,161,2,27,7,10974305.698551
90169.12447,49218.915505,13,1.426383,162,2,39,10,639845.901565
90774.407797,495602.814351,2,0.431945,163,2,6,2,991205.628702
91001.683496,41.36017,4,0.217967,164,2,12,3,165.44068
91219.602815,58625.576313,20,0.673055,165,2,60,14,1172511.52626
91592.830292,50.201854,5,1.683908,166,2,15,4,251.00927
93843.181606,3419.943198,316,0.746535,167,2,948,222,1080702.050568
94400.709038,84.699152,81,1.603402,168,2,243,57,6860.631312
94898.39192,33.655157,165,1.038666,169,2,495,116,5553.100905
95184.620145,55.059164,37,1.68237,170,2,111,26,2037.189068
95651.672549,5597.802742,2,1.889181,171,2,6,2,11195.605484
96933.202619,2659.98138,2,0.715402,172,2,6,2,5319.96276
98527.488887,616.416494,185,1.992334,173,3,296,148,114037.05139
98632.93016,764.353911,502,1.090594,174,2,1506,352,383705.663322
98664.293923,2804321.61733,11,1.535675,175,2,33,8,30847537.79063
98829.164429,722.437092,88,0.685096,176,2,264,62,63574.464096
100867.055736,229711.545196,128,0.129779,177,2,384,90,29403077.785088
101125.497194,41.09606,5,1.47335,178,2,15,4,205.4803
101467.588424,235290.689173,329,0.817055,179,2,987,231,77410636.73791699
101698.977672,97.440565,4,1.363897,180,2,12,3,389.76226
102251.545269,19629.01954,134,1.55952,181,2,402,94,2630288.61836
103003.471566,5753.076228,142,0.021056,182,2,426,100,816936.824376
105150.887744,5.720535,77,1.614865,183,2,231,54,440.481195
105641.494918,1876.91719,7,1.381279,184,2,21,5,13138.42033
105744.272228,115.591692,2,1.549033,185,3,4,2,231.183384
105867.744616,1792.742367,314,0.045622,186,2,942,220,562921.1032380001
106071.316638,1158.514442,125,1.003634,187,2,375,88,144814.30524999998
107143.313273,188485.332405,109,1.936063,188,2,327,77,20544901.232145
107418.315076,3180823.662372,203,0.66699,189,2,609,143,645707203.461516
107441.421751,158590.585551,6,0.525038,190,2,18,5,951543.513306
107905.81268,13.471693,99,0.957994,191,2,297,70,1333.697607
108456.652746,184.806251,9,0.65664,192,2,27,7,1663.256259
108900.800244,5.649957,107,0.51607,193,2,321,75,604.545399
108928.436254,1212.514155,9,1.415648,194,2,27,7,10912.627395
110101.162094,368.538536,12,1.998056,195,2,36,9,4422.462432
111076.89903,1927556.219168,18,0.943764,196,2,54,13,34696011.945024
111118.163455,1426431.573602,8,1.340899,197,2,24,6,11411452.588816
112059.286908,8.781533,87,1.114944,198,2,261,61,763.9933709999999
114113.080693,5.35661,17,1.565244,199,2,51,12,91.06237
114114.064504,86237.615654,96,0.68094,200,2,288,68,8278811.102783999
115357.889474,2644.338373,141,1.057981,201,2,423,99,372851.710593
115817.757479,79060.673926,17,1.867617,202,2,51,12,1344031.456742
116059.942966,526532.674928,3,0.011812,203,2,9,3,1579598.024784
116410.87593,64.771782,47,0.559102,204,2,141,33,3044.2737540000003
118751.367833,237.691606,167,0.94591,205,2,501,117,39694.498202
120050.646982,2103.242518,184,1.702558,206,2,552,129,386996.623312
120825.968583,2562293.450521,7,0.14866,207,2,21,5,17936054.153647
120973.056161,5958.587886,5,0.470668,208,2,15,4,29792.93943
121465.008346,918820.73656,9,1.184629,209,2,27,7,8269386.62904
121537.879658,26.292322,3,1.008296,210,2,9,3,78.876966
121592.921789,4498.187645,108,1.468343,211,2,324,76,485804.26566
121694.388578,429603.199154,19,1.365881,212,2,57,14,8162460.783926
122469.25227,2006587.204751,74,1.1636,213,2,222,52,148487453.15157402
123457.229046,501.975104,39,0.885899,214,2,117,28,19577.029056
125125.972179,716349.832082,25,0.828542,215,2,75,18,17908745.80205
125647.216277,199.995992,54,1.125032,216,2,162,38,10799.783568
127234.269468,2261.16188,8,1.65018,217,2,24,6,18089.29504
127910.884888,34408.978881,2,1.603205,218,2,6,2,68817.957762
128070.920806,9.615722,8,0.915599,219,2,24,6,76.925776
128697.514494,27790.167603,2,1.889875,220,3,4,2,55580.335206
128973.248476,3.472336,484,0.299584,221,2,1452,339,1680.610624
129430.585707,9099.495814,94,0.226238,222,2,282,66,855352.606516
129815.839194,40.966306,47,1.730702,223,2,141,33,1925.416382
129932.519482,46.159897,72,1.782529,224,2,216,51,3323.512584
131890.71211,29486.335218,2,0.722194,225,2,6,2,58972.670436
132068.900129,67197.338869,127,1.562786,226,2,381,89,8534062.036363
132149.895728,1013.966147,68,1.733786,227,2,204,48,68949.697996
133555.492493,342.467252,3,1.655176,228,2,9,3,1027.401756
134325.064124,451.540394,55,1.800806,229,2,165,39,24834.72167
134584.147559,73423.390118,14,0.681119,230,2,42,10,1027927.461652
135114.17447,602.538428,6,1.005655,231,2,18,5,3615.230568
135677.489962,97.455437,18,0.349427,232,2,54,13,1754.197866
136933.755379,6.083423,17,1.609079,233,2,51,12,103.418191
139351.879936,876159.12464,6,0.329314,234,2,18,5,5256954.74784
139559.557073,1547.290598,2,0.708647,235,2,6,2,3094.581196
140258.199092,3.418396,2,1.484383,236,2,6,2,6.836792
140481.207302,28.945641,96,1.948547,237,2,288,68,2778.781536
140938.571914,534.896989,304,1.873872,238,2,912,213,162608.684656
140971.274435,7.459303,42,0.797255,239,2,126,30,313.290726
141376.329801,1000.610931,127,1.549242,240,2,381,89,127077.588237
141790.873832,2615.129826,2,1.203445,241,2,6,2,5230.259652
142381.008989,1094415.513952,202,0.9162,242,2,606,142,221071933.818304
143364.70675,25.135365,174,1.863956,243,2,522,122,4373.55351
143798.59879,846.092757,23,0.817236,244,2,69,17,19460.133411
145663.510622,426.817168,13,1.291968,245,2,39,10,5548.623184
146446.78711,28.571461,3,0.107255,246,2,9,3,85.714383
146618.309881,7396.419184,15,1.575115,247,2,45,11,110946.28776
147431.394729,31.472789,2,0.231595,248,2,6,2,62.945578
147608.971603,244.125659,130,1.149604,249,2,390,91,31736.33567
147668.609911,7.636229,60,0.814448,250,2,180,42,458.17374
147670.431281,1671.222836,180,0.810612,251,2,540,126,300820.11048
147995.985019,40213.80711,6,1.521643,252,2,18,5,241282.84266
148982.770241,3942.1714,7,1.246737,253,2,21,5,27595.1998
149454.880184,693459.155884,20,1.094816,254,2,60,14,13869183.11768
150863.010356,183.000407,8,1.760746,255,3,13,7,1464.003256
151208.232431,170615.009518,348,0.446684,256,2,1044,244,59374023.312264
151749.073092,64.225282,58,0.491803,257,2,174,41,3725.066356
151924.917653,323324.289885,7,0.026614,258,2,21,5,2263270.029195
153803.429109,57.912718,2,0.691196,259,2,6,2,115.825436
154341.974859,227213.743327,92,1.776396,260,2,276,65,20903664.386084
154535.536436,2786955.58794,59,0.099389,261,2,177,42,164430379.68846
154933.895032,16329.719008,61,0.918953,262,2,183,43,996112.859488
155032.499327,559054.793384,2,1.001795,263,3,4,2,1118109.586768
155261.359542,98.731764,381,1.994949,264,2,1143,267,37616.802084
155631.034982,5.533707,20,1.315496,265,2,60,14,110.67414
156340.733773,8.25446,4,0.077193,266,3,7,4,33.01784
156703.077607,129249.671504,374,0.409393,267,2,1122,262,48339377.142496
156825.805993,72980.81012,16,0.949756,268,2,48,12,1167692.96192
157609.294664,279.486549,2,0.681431,269,2,6,2,558.973098
158667.023479,4.484638,2,0.260428,270,2,6,2,8.969276
159322.354867,36694.680367,2,1.641039,271,2,6,2,73389.360734
159797.909319,19.428516,13,1.315601,272,2,39,10,252.570708
160409.214676,56.537897,354,0.636091,273,2,1062,248,20014.415538
160579.004672,20.000018,3,0.387903,274,3,5,3,60.000054000000006
161261.014231,2127.25352,347,0.774566,275,2,1041,243,738156.9714400001
161425.432384,7739.092649,191,1.685811,276,2,573,134,1478166.695959
161512.024572,39.763364,11,1.877058,277,2,33,8,437.397004
161724.281705,764.267147,3,0.229304,278,2,9,3,2292.801441
162434.2195,2479.635611,6,0.508563,279,2,18,5,14877.813666000002
162667.32375,3.553186,348,1.65163,280,2,1044,244,1236.508728
163034.548481,25.58832,69,0.972984,281,2,207,49,1765.59408
163469.97749,98.358067,2,0.665845,282,2,6,2,196.716134
163605.248843,49.108614,6,0.348245,283,2,18,5,294.65168400000005
164371.361029,627034.592052,29,0.853968,284,2,87,21,18184003.169508
164689.885152,88920.81291,20,1.723956,285,2,60,14,1778416.2581999998
165468.807084,5887.964125,2,0.435963,286,2,6,2,11775.92825
166415.215679,128145.591459,27,1.782984,287,2,81,19,3459930.969393
168072.006115,612.811333,24,0.346739,288,2,72,17,14707.471992
168386.419492,2315081.171031,305,1.756548,289,2,915,214,706099757.164455
170149.175128,29.537542,2,1.188694,290,2,6,2,59.075084
172375.338624,41.407534,8,1.01088,291,2,24,6,331.260272
173059.572019,166297.73821,42,0.668593,292,2,126,30,6984505.00482
173079.87011,6064.06245,123,0.985578,293,2,369,87,745879.6813500001
175359.132038,7175.82801,169,1.05741,294,2,507,119,1212714.93369
175739.654031,17.577615,83,0.907687,295,2,249,59,1458.9420450000002
175833.813748,3602.744181,3,1.775997,296,2,9,3,10808.232543
176000.746561,994294.353856,7,0.187182,297,2,21,5,6960060.476992
176654.278116,1041.008506,4,1.880331,298,2,12,3,4164.034024
177612.143983,904416.260044,7,1.959969,299,3,12,6,6330913.820308
177795.224567,3.180472,399,1.126499,300,2,1197,280,1269.008328
178019.817664,12.128581,62,0.802345,301,2,186,44,751.972022
178269.227452,109.352408,2,1.670797,302,2,6,2,218.704816
179358.755777,12030.651165,2,0.924005,303,2,6,2,24061.30233
179807.155524,220366.134367,3,1.37282,304,2,9,3,661098.403101
179895.11518,766758.45768,60,0.337573,305,2,180,42,46005507.4608
181681.788497,940533.231452,242,0.028115,306,2,726,170,227609042.011384
182223.753451,55696.776855,36,0.145523,307,2,108,26,2005083.96678
183480.763498,85918.333073,10,0.38556,308,2,30,7,859183.33073
183888.898268,457.235651,3,1.14913,309,2,9,3,1371.706953
183980.669317,6.484185,51,1.943979,310,2,153,36,330.693435
184580.167635,344823.546874,54,0.058867,311,3,87,44,18620471.531196
184988.716765,9.581061,306,0.786057,312,2,918,215,2931.804666
185563.803288,219644.261464,152,1.93018,313,2,456,107,33385927.742528003
185619.657679,11.008388,47,0.559415,314,2,141,33,517.394236
186635.493279,184575.133003,57,0.721622,315,2,171,40,10520782.581171
187096.02861,65.371947,15,0.20196,316,2,45,11,980.579205
188199.283898,2265.489422,2,1.605127,317,2,6,2,4530.978844
190188.932215,241.821642,40,1.912363,318,2,120,28,9672.86568
190418.669029,374.316662,25,0.983608,319,2,75,18,9357.91655
190990.557852,831.998475,13,0.019574,320,2,39,10,10815.980175
191215.996575,48.494365,20,0.679759,321,2,60,14,969.8873
191318.85827,237244.701177,132,0.537213,322,2,396,93,31316300.555364
191333.576537,1245.454434,12,0.016171,323,2,36,9,14945.453208
191401.441796,5.760299,32,0.96947,324,2,96,23,184.329568
192224.652268,32.752939,9,1.55054,325,2,27,7,294.77645099999995
192476.775916,31.146652,2,0.136576,326,2,6,2,62.293304
192650.744298,116802.418777,11,0.460585,327,3,18,9,1284826.606547
192689.13666,8.593393,295,1.443704,328,2,885,207,2535.050935
192807.855164,49185.599446,129,0.4255,329,2,387,91,6344942.328534
195415.072604,13.440216,110,1.132253,330,2,330,77,1478.42376
195586.227912,294579.527437,118,0.212875,331,2,354,83,34760384.237566
196105.577134,131712.758481,123,0.993238,332,2,369,87,16200669.293163
196137.92467,96.05719,42,0.653622,333,2,126,30,4034.40198
196358.303151,121.181461,32,1.218551,334,2,96,23,3877.806752
196423.109111,1235.037493,73,1.355051,335,2,219,52,90157.736989
196996.323456,44986.517024,111,0.29057,336,2,333,78,4993503.389664
197645.853597,830862.310767,2,0.221516,337,2,6,2,1661724.621534
197875.924208,5387.057899,128,0.914542,338,2,384,90,689543.411072
198174.515547,845.836313,6,0.423382,339,3,10,5,5075.017878000001
198338.901908,928668.702948,508,0.639764,340,3,813,407,471763701.097584
198347.179573,63.421824,380,1.345152,341,2,1140,266,24100.29312
198662.470113,7.384183,40,0.702502,342,2,120,28,295.36732
198764.532176,48768.290701,3,1.862341,343,2,9,3,146304.872103
200065.993622,16150.147573,9,1.792555,344,2,27,7,145351.328157
200653.91511,3619.128153,21,1.335687,345,2,63,15,76001.691213
201598.923603,1224.318379,52,0.424787,346,2,156,37,63664.555708
202759.525863,47.696235,430,0.204181,347,3,688,344,20509.38105
202845.680173,50279.57585,345,0.914887,348,2,1035,242,17346453.668250002
204022.512615,205.197026,107,0.515759,349,2,321,75,21956.081782
204381.238618,568.927336,205,1.807876,350,2,615,144,116630.10388
204426.765378,161.763626,134,0.818877,351,2,402,94,21676.325884
204843.887034,17352.117692,12,0.275206,352,2,36,9,208225.412304
206050.57999,164.198973,2,0.222346,353,2,6,2,328.397946
206110.993919,2473463.062533,2,1.684743,354,2,6,2,4946926.125066
207312.370366,2795224.236651,102,1.77809,355,2,306,72,285112872.138402
207326.984955,1472.947481,50,1.659024,356,2,150,35,73647.37405
207393.225704,112883.541804,54,1.362889,357,2,162,38,6095711.257416
207715.154606,40.664998,139,1.956493,358,2,417,98,5652.434722
208002.000735,15.400393,46,1.321048,359,2,138,33,708.4180779999999
211562.460401,7903.646948,4,0.185325,360,2,12,3,31614.587792
211829.922373,76.844579,12,0.77491,361,2,36,9,922.134948
212099.123738,472.103977,35,0.536432,362,3,56,28,16523.639195
212151.71363,30.034188,378,1.108392,363,2,1134,265,11352.923064
213457.580527,22.635361,2,1.818036,364,2,6,2,45.270722
214083.699705,5096.948476,5,1.94546,365,2,15,4,25484.74238
214546.000673,2332441.764736,117,1.357637,366,2,351,82,272895686.474112
215627.24787,274.855465,7,1.137561,367,2,21,5,1923.988255
216152.738516,58.039797,2,1.984048,368,2,6,2,116.079594
216955.32879,932113.010879,57,0.441847,369,2,171,40,53130441.620102994
217387.036643,336.341591,45,1.05755,370,2,135,32,15135.371595
217577.358772,693950.969242,133,1.948238,371,2,399,94,92295478.909186
217590.309217,1441.657959,186,1.482418,372,2,558,131,268148.380374
217651.214755,965935.068977,17,0.413976,373,2,51,12,16420896.172609
218772.083813,19342.267827,76,0.473313,374,2,228,54,1470012.354852
219837.849611,3420.208199,28,1.644937,375,2,84,20,95765.829572
219839.902673,244.732727,2,1.211867,376,2,6,2,489.465454
220546.894956,333.219315,98,0.197512,377,2,294,69,32655.49287
220864.718663,8.854556,113,0.864169,378,2,339,80,1000.564828
220942.929183,326.828327,96,0.656131,379,2,288,68,31375.519392
221891.67376,2667.091508,3,1.813164,380,2,9,3,8001.274524
222029.585219,9.38947,5,0.662166,381,2,15,4,46.94735
222055.433936,285.67592,4,0.050803,382,2,12,3,1142.70368
223715.301061,341.768503,6,1.600803,383,2,18,5,2050.611018
224043.210614,733.101571,26,0.685037,384,2,78,19,19060.640846
224710.65406,66.270021,3,0.135196,385,2,9,3,198.810063
224920.88204,147.153516,2,1.769617,386,2,6,2,294.307032
225085.55779,39963.440787,6,1.991279,387,2,18,5,239780.644722
226159.415287,1732112.451135,9,0.788586,388,2,27,7,15589012.060215
226948.562099,1816.418714,8,1.096272,389,2,24,6,14531.349712
227116.844805,19.209556,61,0.553904,390,2,183,43,1171.782916
227560.804496,15112.24106,79,1.29877,391,2,237,56,1193867.04374
228411.293151,440.100687,401,0.577022,392,2,1203,281,176480.37548699998
229583.726028,6.246457,325,0.832134,393,2,975,228,2030.098525
229620.934606,10828.350935,2,0.566076,394,2,6,2,21656.70187
229631.814875,7082.687104,16,0.605468,395,2,48,12,113322.993664
229845.423172,7.151637,5,0.724538,396,2,15,4,35.758185
230049.637818,387658.899011,382,0.830258,397,2,1146,268,148085699.422202
230329.256211,30834.252937,207,1.188529,398,2,621,145,6382690.357959
231748.868203,90143.113203,2,0.050523,399,2,6,2,180286.226406
233534.931889,2046639.612965,106,0.113608,400,2,318,75,216943798.97429
233727.235559,5.175016,155,0.349676,401,2,465,109,802.12748
233781.720147,619728.148883,13,0.3105,402,2,39,10,8056465.935479
233962.971612,549267.796771,2,1.392886,403,2,6,2,1098535.593542
234291.029093,294.330247,378,0.880195,404,2,1134,265,111256.833366
234352.597929,5353.508364,64,1.820213,405,2,192,45,342624.535296
234471.460691,1988274.220347,28,1.141133,406,2,84,20,55671678.169716
234624.025765,197.206926,2,1.175056,407,2,6,2,394.413852
235181.872656,3238.613055,10,1.613105,408,2,30,7,32386.13055
235495.804101,6308.341002,28,1.376372,409,2,84,20,176633.548056
235620.212306,134.326721,37,1.534976,410,2,111,26,4970.088677
236043.674149,34141.14401,5,0.333339,411,2,15,4,170705.72005
236168.253888,2854759.56629,31,0.692126,412,2,93,22,88497546.55499
236515.499757,17.188129,217,1.254887,413,2,651,152,3729.823993
237180.130326,4.528959,4,1.388185,414,2,12,3,18.115836
237263.216265,176.307777,12,0.804941,415,2,36,9,2115.693324
237542.943443,62.687734,5,0.420037,416,2,15,4,313.43867
237562.729942,58724.985856,61,0.440633,417,2,183,43,3582224.137216
238436.94546,4.967237,225,1.572169,418,2,675,158,1117.628325
238955.798405,407.564237,24,0.580984,419,2,72,17,9781.541688
239880.476,18638.812369,2,0.872814,420,2,6,2,37277.624738
239982.532201,221.820568,47,0.466034,421,3,76,38,10425.566696
240298.831959,509945.550503,333,1.702538,422,2,999,234,169811868.31749898
240352.059881,265809.767744,136,1.149425,423,2,408,96,36150128.413184
240602.135379,248451.944569,2,1.065051,424,2,6,2,496903.889138
241079.888766,1904206.630406,385,1.932409,425,2,1155,270,733119552.70631
241121.216622,40.461809,243,1.890171,426,3,389,195,9832.219587
242099.817965,180376.042905,338,1.635437,427,2,1014,237,60967102.50189
242368.279812,952.052293,260,1.151444,428,2,780,182,247533.59618
242388.634727,2821.186959,2,1.509058,429,2,6,2,5642.373918
243662.739691,1019.7899,245,0.401816,430,2,735,172,249848.5255
244109.034266,28662.054502,298,0.873019,431,2,894,209,8541292.241596
245214.182211,523.099542,160,0.088912,432,2,480,112,83695.92672
245722.355158,92.691333,2,0.738432,433,2,6,2,185.382666
246960.035697,3.661261,20,0.046933,434,2,60,14,73.22522000000001
247140.791518,2875582.247253,2,1.658983,435,2,6,2,5751164.494506
248303.871449,1733343.981125,3,0.062991,436,2,9,3,5200031.943375
249621.085865,3805.389562,161,0.058612,437,2,483,113,612667.719482
250123.877912,44.418624,8,0.505165,438,2,24,6,355.348992
250399.004657,43170.088519,21,1.492048,439,2,63,15,906571.858899
250765.624762,604197.186946,2,0.056729,440,2,6,2,1208394.373892
251017.993621,138885.976296,263,1.489525,441,2,789,185,36527011.765848
251293.132111,753710.932979,33,1.605342,442,2,99,24,24872460.788307
251501.238904,1061021.013355,16,1.05285,443,2,48,12,16976336.21368
252077.156806,2049465.619211,3,1.42446,444,3,5,3,6148396.857633
252668.894741,391.107845,288,1.731148,445,2,864,202,112639.05936
252690.299762,962.604387,438,0.075779,446,2,1314,307,421620.721506
252770.737101,50605.155719,4,1.539402,447,2,12,3,202420.622876
252893.361501,869.320589,9,0.750341,448,2,27,7,7823.885301
253705.933161,10.068022,3,1.410524,449,2,9,3,30.204066
255269.211235,11.355435,38,0.440154,450,2,114,27,431.50653
255406.707169,12679.207058,3,1.413233,451,2,9,3,38037.621174
256244.402603,34344.490415,245,0.459099,452,2,735,172,8414400.151675
256933.135407,13.183313,13,1.08208,453,2,39,10,171.383069
257028.911282,444.749055,6,0.389177,454,2,18,5,2668.49433
257460.273574,1793.754653,169,1.247866,455,2,507,119,303144.536357
257969.602269,51782.048861,6,0.030445,456,2,18,5,310692.29316600005
259608.334926,246751.748546,27,0.454271,457,2,81,19,6662297.210742
259615.341131,2431.501989,4,1.739814,458,2,12,3,9726.007956
259677.713988,44.93535,165,0.626951,459,2,495,116,7414.33275
259901.450334,31.314434,2,1.955834,460,2,6,2,62.628868
260015.5249,2132.255191,170,1.303735,461,2,510,119,362483.38247
260022.702236,10.083761,146,0.498474,462,2,438,103,1472.2291060000002
260223.917065,249.80102,305,0.484846,463,2,915,214,76189.31109999999
260730.502601,74.499915,2,1.260556,464,2,6,2,148.99983
260916.281829,4986.095508,7,1.11226,465,2,21,5,34902.668556000004
263036.729187,97.077722,2,0.253298,466,2,6,2,194.155444
263631.050768,1790554.601093,79,0.404183,467,2,237,56,141453813.486347
263770.304569,42.364433,77,1.189371,468,2,231,54,3262.061341
263908.375796,238.136066,113,1.429361,469,2,339,80,26909.375458
264639.647379,24.810344,137,0.659958,470,2,411,96,3399.017128
264711.654646,7.757117,8,0.369404,471,2,24,6,62.056936
265824.096357,60.483138,235,0.356421,472,2,705,165,14213.537429999998
267218.847676,6928.943935,7,1.605768,473,3,12,6,48502.607545
267277.976516,12488.82937,374,1.207419,474,2,1122,262,4670822.18438
267855.684779,800.523124,24,0.294169,475,2,72,17,19212.554976
269521.295665,1564.490219,6,1.708005,476,2,18,5,9386.941314
271347.145139,91897.890116,199,0.732785,477,2,597,140,18287680.133084
271805.893511,4686.398047,3,0.694658,478,2,9,3,14059.194141
272247.105385,1560.311002,6,1.571859,479,2,18,5,9361.866012
274543.619824,46388.200644,204,1.946331,480,2,612,143,9463192.931376
276423.577386,463.114974,79,1.110509,481,3,127,64,36586.082946
276548.10179,16873.836679,399,0.168991,482,2,1197,280,6732660.834921
276732.767072,19.660817,4,1.176063,483,2,12,3,78.643268
277911.165271,6.990537,2,0.579636,484,2,6,2,13.981074
278097.39701,145950.025737,212,0.004198,485,2,636,149,30941405.456244
279444.819977,4.284934,5,1.926059,486,2,15,4,21.42467
279806.752969,3.422967,10,0.50647,487,2,30,7,34.22967
279891.441708,7.857643,4,1.660968,488,2,12,3,31.430572
280144.974006,8306.743378,7,1.758446,489,2,21,5,58147.203646
280288.900022,4.260971,4,1.6423,490,2,12,3,17.043884
280574.604223,7106.762716,2,0.970405,491,2,6,2,14213.525432
280834.981136,11893.499987,39,1.819658,492,2,117,28,463846.499493
281162.860912,1888.471737,35,1.893421,493,2,105,25,66096.51079500001
282397.473949,258815.173395,135,0.638091,494,2,405,95,34940048.408325
282435.491312,2477304.707852,4,0.457516,495,2,12,3,9909218.831408
283033.879488,3.925539,250,1.190836,496,2,750,175,981.38475
284020.983525,66.23988,13,0.581799,497,2,39,10,861.11844
284045.701663,1512540.050237,7,1.094192,498,2,21,5,10587780.351659
284136.082867,18.941387,8,0.862524,499,2,24,6,151.531096
286192.191919,7672.517091,269,1.641799,500,2,807,189,2063907.097479
286564.079695,117431.574583,219,1.526095,501,2,657,154,25717514.833677
286762.865648,20.851418,2,1.21461,502,3,4,2,41.702836
286862.935424,222940.16779,393,0.497303,503,2,1179,276,87615485.94147
287112.544367,54.904901,2,1.938064,504,2,6,2,109.809802
287179.338941,315578.209751,256,0.429314,505,2,768,180,80788021.696256
287199.277452,96.259216,175,1.729536,506,2,525,123,16845.3628
287408.135616,891.594804,179,1.149142,507,2,537,126,159595.469916
287529.252411,187.354734,8,1.658678,508,2,24,6,1498.837872
289402.187507,37497.820508,85,0.008847,509,2,255,60,3187314.74318
289531.808458,33129.366264,3,1.703045,510,2,9,3,99388.098792
289601.442287,98676.534159,19,1.562487,511,2,57,14,1874854.149021
289791.14763,100084.795164,4,1.122296,512,2,12,3,400339.180656
290564.818927,131.960692,2,0.227602,513,2,6,2,263.921384
291562.04237,1312585.221804,3,1.016706,514,2,9,3,3937755.665412
293411.162009,6758.112666,16,1.520693,515,2,48,12,108129.802656
294020.838563,8240.66346,5,1.011709,516,2,15,4,41203.3173
294107.442373,762.664278,3,0.677319,517,2,9,3,2287.992834
295346.846224,8.19638,329,0.688957,518,2,987,231,2696.60902
295721.026035,18353.189825,285,1.132797,519,2,855,200,5230659.100125001
295895.293196,120639.855318,68,1.792959,520,2,204,48,8203510.161624
296399.396964,1528395.538362,174,1.762659,521,2,522,122,265940823.674988
296982.256624,98.110775,6,1.230966,522,2,18,5,588.66465
297203.886253,2494.101426,3,1.731306,523,2,9,3,7482.304278
297874.174638,3170643.586065,266,0.527062,524,2,798,187,843391193.8932899
298265.329452,221443.244147,424,0.867134,525,2,1272,297,93891935.518328
298474.676026,39.779381,3,0.771616,526,2,9,3,119.338143
299026.118169,286441.081494,2,0.465413,527,3,4,2,572882.162988
299216.04241,16326.157989,392,0.017191,528,2,1176,275,6399853.931688
299422.566436,54093.845367,89,1.737649,529,2,267,63,4814352.237663
299799.768617,50.816092,35,0.869363,530,2,105,25,1778.56322
299857.065599,1945064.376215,6,1.760305,531,2,18,5,11670386.25729
300124.533225,11038.073931,38,1.563038,532,2,114,27,419446.809378
300374.818886,40.897459,149,1.384434,533,2,447,105,6093.721391
300790.240329,1113.043348,2,0.928985,534,2,6,2,2226.086696
301583.894117,35.753034,3,1.983,535,2,9,3,107.259102
301793.884124,4862.306045,5,0.556233,536,2,15,4,24311.530225
301997.07141,41.409163,329,1.982075,537,2,987,231,13623.614627
302685.02389,21085.066333,62,1.814628,538,2,186,44,1307274.112646
302962.186337,8501.888974,44,0.87452,539,2,132,31,374083.114856
305169.467409,1515885.283755,74,0.133178,540,2,222,52,112175510.99787
306448.90841,339.833134,40,0.525798,541,2,120,28,13593.32536
306727.500877,2233970.495598,219,1.770173,542,2,657,154,489239538.535962
306841.848564,13062.806941,16,1.51729,543,2,48,12,209004.911056
307256.035573,9.624649,5,0.336092,544,2,15,4,48.123245
307520.200544,214451.826301,34,0.512446,545,2,102,24,7291362.094234
307636.507851,154.310133,4,1.033293,546,2,12,3,617.240532
307954.24169,22062.802103,75,0.365322,547,2,225,53,1654710.157725
310292.531946,257399.553884,237,1.770654,548,2,711,166,61003694.270508
311557.850906,62210.001808,7,1.132405,549,2,21,5,435470.012656
311623.229671,8.475445,33,0.259362,550,2,99,24,279.689685
311990.882942,152081.662785,2,0.223201,551,2,6,2,304163.32557
312753.0929,1392840.310619,8,0.94812,552,2,24,6,11142722.484952
312999.279409,7.86186,2,0.71845,553,2,6,2,15.72372
312999.869436,600.613983,2,1.749962,554,2,6,2,1201.227966
313158.857134,3.070982,457,0.152658,555,2,1371,320,1403.438774
313640.869376,2311692.572382,56,0.025304,556,2,168,40,129454784.053392
313715.499343,7341.465183,249,1.86406,557,2,747,175,1828024.830567
313766.83229,63.966117,46,0.477115,558,2,138,33,2942.441382
315424.245277,904105.285272,118,0.324966,559,2,354,83,106684423.662096
317981.770321,28.340417,57,0.168916,560,2,171,40,1615.403769
318036.522382,440474.054503,2,1.791997,561,3,4,2,880948.109006
318343.249386,395.687287,287,0.497104,562,2,861,201,113562.251369
321053.572092,19.283469,321,1.792058,563,2,963,225,6189.993549
321368.475582,251951.505557,6,0.418956,564,3,10,5,1511709.033342
321380.801652,139.661849,404,1.486985,565,2,1212,283,56423.386996
322284.888011,114435.536818,43,1.752882,566,2,129,31,4920728.083174
322561.306016,178711.426076,79,1.349829,567,2,237,56,14118202.660004
322843.039887,149.031639,2,1.076935,568,2,6,2,298.063278
323401.267657,6314.311314,63,0.654013,569,2,189,45,397801.612782
323594.711472,1152173.791774,6,0.030166,570,2,18,5,6913042.750644
324299.69171,3056183.04079,13,0.555978,571,2,39,10,39730379.53027
324399.613836,3427.182172,23,0.899421,572,2,69,17,78825.189956
325058.831966,9.984336,3,0.079848,573,2,9,3,29.953008000000004
325150.665849,33828.889459,2,1.797663,574,2,6,2,67657.778918
325492.991635,196.287496,115,0.470178,575,2,345,81,22573.06204
326458.907323,1988501.524821,32,0.937259,576,3,52,26,63632048.794272
326688.651631,164368.190204,437,0.195801,577,2,1311,306,71828899.119148
326895.701791,1572463.735383,35,0.421256,578,2,105,25,55036230.738405
326925.648887,6402.847368,21,0.252214,579,2,63,15,134459.794728
327787.201583,2722992.12531,6,0.574457,580,2,18,5,16337952.75186
328246.740231,460564.331045,4,0.464533,581,2,12,3,1842257.32418
328372.642572,1337.948843,2,0.733793,582,2,6,2,2675.897686
330380.67864,6.364937,76,0.024296,583,2,228,54,483.7352120000001
330552.606212,71759.617226,2,0.649169,584,2,6,2,143519.234452
330981.519178,140.841489,21,1.959867,585,2,63,15,2957.671269
332538.329688,68.351271,12,0.682476,586,2,36,9,820.215252
333327.814065,244363.022406,11,0.923857,587,2,33,8,2687993.246466
333796.474787,139.357165,21,1.047102,588,2,63,15,2926.500465
334370.083286,7335.730798,78,0.168553,589,2,234,55,572187.002244
334470.287952,351124.998911,7,1.896794,590,2,21,5,2457874.992377
335358.330013,1454.069808,16,1.44378,591,2,48,12,23265.116928
335462.259151,204432.941335,58,0.467466,592,3,93,47,11857110.59743
336578.214617,3561.39104,388,1.06552,593,2,1164,272,1381819.72352
340844.617625,3177831.926453,5,0.970887,594,2,15,4,15889159.632265
340915.805793,594516.155443,2,1.174672,595,2,6,2,1189032.310886
341173.89686,1293.818247,149,1.909495,596,2,447,105,192778.918803
341195.559282,41.696787,177,0.812382,597,2,531,124,7380.331299
342034.0397,97.095391,85,1.807806,598,2,255,60,8253.108235
342130.975513,7.466458,491,1.617714,599,2,1473,344,3666.030878
342153.276691,232355.8726,42,0.423006,600,2,126,30,9758946.6492
343463.040273,12.349161,3,0.401082,601,2,9,3,37.047483
344692.618736,445613.964962,3,1.870893,602,2,9,3,1336841.894886
345104.632843,822022.217935,2,0.679758,603,2,6,2,1644044.43587
345161.127626,11602.536185,33,1.247308,604,2,99,24,382883.694105
347119.900883,2283.296405,34,0.067796,605,2,102,24,77632.07777
348234.601068,3185453.080091,2,1.516568,606,2,6,2,6370906.160182
348809.431515,583922.337301,7,1.127569,607,2,21,5,4087456.361107
353464.745169,49162.312149,338,0.251988,608,2,1014,237,16616861.506362
353645.294104,20826.158586,29,1.490711,609,2,87,21,603958.598994
353751.272836,27866.574106,36,0.796161,610,2,108,26,1003196.667816
355393.393539,1339.708747,114,1.264268,611,2,342,80,152726.797158
357302.668112,186870.578614,19,0.280352,612,2,57,14,3550540.993666
357538.32855,4841.987592,15,1.983963,613,2,45,11,72629.81388
357956.562065,2944583.820909,141,0.876814,614,2,423,99,415186318.748169
358478.121885,38.240936,111,1.921834,615,2,333,78,4244.743896
358670.081664,208509.958113,39,0.602564,616,2,117,28,8131888.366407
358757.801981,512.273472,54,1.249384,617,2,162,38,27662.767488
360099.629376,32797.580523,144,1.165472,618,2,432,101,4722851.595311999
360745.31581,116.669512,9,1.553845,619,2,27,7,1050.025608
361254.269198,151.387842,5,0.457545,620,2,15,4,756.93921
361869.38928,27195.951406,281,0.242021,621,2,843,197,7642062.345086
361982.050691,417350.898493,14,0.835252,622,2,42,10,5842912.578902001
362276.288958,155.911576,27,0.514984,623,2,81,19,4209.612552
362671.08267,509.015178,37,0.641701,624,2,111,26,18833.561586
363252.543732,32943.300464,4,1.454819,625,2,12,3,131773.201856
363714.096057,28.926125,94,1.436827,626,2,282,66,2719.05575
364204.863733,9.737139,2,0.704494,627,2,6,2,19.474278
364455.959475,38.850665,2,0.164094,628,2,6,2,77.70133
365409.325064,50882.097557,252,1.467558,629,2,756,177,12822288.584364
365549.915022,109.297582,8,0.745386,630,2,24,6,874.380656
366330.913332,115698.83554,5,0.989376,631,2,15,4,578494.1777
366553.789877,2018711.598767,58,0.846369,632,2,174,41,117085272.728486
368498.03614,550853.233111,121,0.178095,633,2,363,85,66653241.206431
368514.118391,105041.554667,13,0.063377,634,2,39,10,1365540.210671
371322.726076,87.365363,29,1.792404,635,2,87,21,2533.595527
371755.456561,44608.080332,5,1.641279,636,2,15,4,223040.40166
371881.203418,12.04847,171,0.126237,637,2,513,120,2060.28837
372597.537826,113177.139059,33,1.920997,638,2,99,24,3734845.588947
373462.047609,3.098778,2,0.024284,639,2,6,2,6.197556
374247.603923,2699264.06167,194,1.371263,640,2,582,136,523657227.96398
374484.892575,47649.961655,6,0.428103,641,2,18,5,285899.76993
375367.331653,55943.866217,6,0.943224,642,2,18,5,335663.197302
376015.744066,159.896567,51,0.340567,643,2,153,36,8154.724917
376935.614712,2396.580874,2,1.565343,644,2,6,2,4793.161748
377697.085392,4.332396,16,0.683069,645,2,48,12,69.318336
378080.260383,16335.55813,2,0.757862,646,2,6,2,32671.11626
380011.708015,6.693498,2,0.606212,647,3,4,2,13.386996
380332.459773,5447.556545,450,1.750789,648,2,1350,315,2451400.4452500003
380748.278557,65.940083,7,0.270245,649,2,21,5,461.580581
381015.38102,433.846406,233,1.50736,650,2,699,164,101086.212598
381723.72702,5.386795,3,1.516157,651,2,9,3,16.160385
382692.961216,176.196749,2,0.460404,652,2,6,2,352.393498
383416.418395,133.276431,95,0.614269,653,2,285,67,12661.260945
387457.816806,807681.095478,3,1.960966,654,3,5,3,2423043.286434
388720.450233,2636.696755,503,0.849285,655,2,1509,353,1326258.467765
389297.662753,8.070509,454,0.525868,656,2,1362,318,3664.011086
390591.079653,9194.787536,224,0.575735,657,2,672,157,2059632.408064
391438.744752,2853.455488,51,0.505922,658,3,82,41,145526.229888
392175.204767,7195.363246,501,0.060056,659,2,1503,351,3604876.986246
392516.898457,4.642939,120,1.376372,660,2,360,84,557.15268
392892.882881,251223.803911,23,1.076599,661,2,69,17,5778147.489953
394180.131042,1200541.531345,7,0.20549,662,2,21,5,8403790.719415
395401.665374,67.301415,121,0.005966,663,2,363,85,8143.471215
396788.419068,101.81514,2,1.464815,664,2,6,2,203.63028
396982.496616,4.736796,2,1.449563,665,2,6,2,9.473592
397024.787562,186.762376,2,1.399328,666,2,6,2,373.524752
398398.527904,85.404815,148,1.211208,667,2,444,104,12639.91262
400357.332806,74343.16228,83,0.704084,668,2,249,59,6170482.4692400005
400423.227845,2654.805468,2,1.332657,669,2,6,2,5309.610936
400771.882767,134025.712293,105,1.141621,670,2,315,74,14072699.790765
401618.207802,192.149352,29,0.634787,671,2,87,21,5572.331208
401932.766337,97.858089,8,1.385118,672,2,24,6,782.864712
402656.966554,199074.327277,4,0.21452,673,2,12,3,796297.309108
402675.380167,23.511341,3,1.354987,674,2,9,3,70.534023
402698.678375,8944.065547,476,0.033951,675,2,1428,334,4257375.200372
403149.042186,9913.923382,2,0.447837,676,2,6,2,19827.846764
403555.844399,2212.790716,17,0.100208,677,2,51,12,37617.442172
404009.311078,24652.212177,2,1.596081,678,2,6,2,49304.424354
404013.370515,12.834901,3,0.369198,679,2,9,3,38.504703
404386.279665,25.877153,10,1.352079,680,2,30,7,258.77153
404478.643169,21541.035792,13,1.696458,681,2,39,10,280033.465296
404742.683323,284.90802,5,1.323571,682,2,15,4,1424.5401000000002
405315.779205,34.869901,2,1.690342,683,2,6,2,69.739802
405438.164578,264.008783,235,1.723843,684,2,705,165,62042.064005
406376.865979,437455.199371,5,0.711163,685,2,15,4,2187275.996855
406884.620191,808700.1271,4,1.592629,686,2,12,3,3234800.5084
409088.367423,27514.095379,4,0.870633,687,2,12,3,110056.381516
409173.685404,9.79284,180,0.21705,688,3,288,144,1762.7112
409760.547989,3166.942327,318,0.820023,689,2,954,223,1007087.659986
410923.026113,72.27849,65,0.04958,690,2,195,46,4698.10185
411068.83689,85.219359,366,0.025534,691,2,1098,257,31190.285394
411077.458678,1545.918474,23,0.361825,692,2,69,17,35556.124902
412694.108755,54.285654,278,0.57128,693,2,834,195,15091.411812
413245.56118,26.099139,95,0.476934,694,2,285,67,2479.418205
413700.775081,17079.476245,119,0.797659,695,2,357,84,2032457.673155
415047.672859,6161.025025,6,1.557801,696,2,18,5,36966.15015
415687.642746,7952.649635,161,0.59559,697,2,483,113,1280376.591235
416232.955299,155.138154,2,1.812581,698,2,6,2,310.276308
417024.640152,2396466.260434,67,0.352701,699,2,201,47,160563239.449078
417728.981124,9892.410154,14,0.090538,700,2,42,10,138493.742156
417962.453367,4182.482368,16,0.895853,701,2,48,12,66919.717888
418418.046338,7093.254358,19,1.47227,702,2,57,14,134771.832802
420363.053557,10.174029,283,1.711852,703,2,849,199,2879.250207
420806.793829,121.781575,66,1.027049,704,2,198,47,8037.58395
422036.938517,171708.241666,3,1.614334,705,2,9,3,515124.724998
422577.517739,16.767859,31,1.665113,706,2,93,22,519.803629
423189.19632,3889.224926,74,1.623057,707,2,222,52,287802.644524
423492.442023,161.635088,27,0.155526,708,2,81,19,4364.147376
423584.805478,15.805834,2,1.529464,709,2,6,2,31.611668
424013.78707,95.960152,5,0.331557,710,2,15,4,479.80076
424553.074581,194.119407,32,1.129774,711,2,96,23,6211.821024
424959.206326,2426034.449421,5,0.124668,712,2,15,4,12130172.247105
425520.490242,1194.490584,8,0.179486,713,2,24,6,9555.924672
426278.207188,49947.023775,28,1.624946,714,2,84,20,1398516.6657
426642.272992,34443.458778,269,1.325145,715,2,807,189,9265290.411282
426726.201299,27.333212,73,0.227542,716,2,219,52,1995.324476
427216.237854,4642.194868,50,0.00014,717,2,150,35,232109.7434
427407.507907,3873.653549,2,1.925232,718,2,6,2,7747.307098
427483.821525,463.330657,2,0.419026,719,2,6,2,926.661314
428331.702919,3118.580021,3,1.558785,720,3,5,3,9355.740063
428377.167205,299.933761,466,1.649876,721,2,1398,327,139769.132626
428905.751522,48346.839174,3,0.216612,722,2,9,3,145040.517522
429358.533911,6971.206136,9,0.20412,723,2,27,7,62740.855224
429872.357609,324389.919822,2,1.007737,724,2,6,2,648779.839644
430135.678923,648.46891,3,1.317582,725,2,9,3,1945.40673
430437.175296,925712.32005,2,1.525374,726,2,6,2,1851424.6401
430986.093096,44644.91701,2,0.785397,727,2,6,2,89289.83402
433614.329474,248180.517491,4,0.332822,728,2,12,3,992722.069964
435909.203307,23131.615982,21,0.725046,729,2,63,15,485763.935622
437911.538268,188244.133721,38,0.221854,730,2,114,27,7153277.081398
438510.380111,118648.361648,72,1.070124,731,2,216,51,8542682.038656
439286.788999,22.927297,8,0.754712,732,2,24,6,183.418376
441743.326778,165566.809353,43,0.07596,733,3,69,35,7119372.802178999
443061.646943,6.154355,490,0.658228,734,2,1470,343,3015.63395
443115.710818,404.162334,217,0.791803,735,2,651,152,87703.226478
443420.629088,1250.074022,25,0.375007,736,2,75,18,31251.85055
443550.890087,7584.861229,7,0.987251,737,2,21,5,53094.028603
443746.529463,143390.503693,5,0.112041,738,2,15,4,716952.518465
444892.558152,8.410581,348,1.508023,739,2,1044,244,2926.882188
446211.935836,537889.574364,3,0.217258,740,2,9,3,1613668.723092
446801.520907,4.197414,32,0.487512,741,2,96,23,134.317248
447609.725931,415210.926509,206,1.554165,742,2,618,145,85533450.860854
448172.697976,10277.733851,43,1.410213,743,2,129,31,441942.555593
448389.930694,1211.156752,207,1.892652,744,2,621,145,250709.447664
451463.586135,12.090854,34,1.888926,745,2,102,24,411.089036
451705.277895,6.952454,92,1.675366,746,2,276,65,639.625768
451753.862401,63.477535,4,0.951447,747,2,12,3,253.91014
452053.337953,91722.012944,8,0.934375,748,2,24,6,733776.103552
452689.45153,507464.137649,2,1.913192,749,2,6,2,1014928.275298
453724.155609,28152.307824,2,0.077557,750,2,6,2,56304.615648
454160.496121,5.640434,82,0.104429,751,2,246,58,462.515588
454516.910794,72609.523989,2,0.56644,752,2,6,2,145219.047978
455445.98333,53.294325,133,0.825092,753,2,399,94,7088.145225
456303.287282,4.294439,15,1.122939,754,2,45,11,64.416585
456337.526863,1008215.85862,10,0.102238,755,2,30,7,10082158.5862
456381.931335,79.496076,28,1.865612,756,2,84,20,2225.890128
457611.749717,1077.288132,8,1.677532,757,2,24,6,8618.305056
458329.506806,753.97405,4,0.72005,758,2,12,3,3015.8962
458493.263933,9441.758525,255,1.097409,759,2,765,179,2407648.423875
458837.08274,190012.472368,2,1.99201,760,2,6,2,380024.944736
459248.648359,1452200.525108,6,1.73924,761,2,18,5,8713203.150648
460434.808988,201859.678373,5,1.348188,762,2,15,4,1009298.391865
460855.680141,227649.059276,3,1.645694,763,2,9,3,682947.177828
461137.524822,18.954924,2,1.665403,764,2,6,2,37.909848
461334.113613,12243.564807,2,1.226276,765,3,4,2,24487.129614
463018.428668,38.48683,357,0.163211,766,2,1071,250,13739.798309999998
463758.004332,11294.982845,3,1.142147,767,2,9,3,33884.948535
465088.32261,62402.120071,6,0.684766,768,2,18,5,374412.720426
465091.977121,380839.838127,4,0.299512,769,2,12,3,1523359.352508
465195.305467,155477.39467,148,1.778772,770,2,444,104,23010654.41116
465946.277586,15449.862414,4,0.730744,771,2,12,3,61799.449656
466574.600534,1171.932213,14,0.601083,772,2,42,10,16407.050982
466896.674657,12478.984656,2,1.424366,773,2,6,2,24957.969312
467246.271796,291450.008335,252,1.653213,774,2,756,177,73445402.10042
468036.748681,270208.785001,2,0.945411,775,2,6,2,540417.570002
468271.114718,247.602765,109,0.965592,776,2,327,77,26988.701385
468888.48534,145613.06131,169,1.153155,777,2,507,119,24608607.36139
470728.339916,1324695.494835,36,0.922094,778,2,108,26,47689037.81406
472262.100965,6.18855,183,0.36974,779,2,549,129,1132.50465
475447.129615,101063.533291,40,1.782501,780,2,120,28,4042541.33164
475616.141271,30.291187,12,1.545313,781,2,36,9,363.494244
476229.035461,1668.118367,391,0.237793,782,2,1173,274,652234.281497
477338.842098,2500.848077,86,1.969855,783,2,258,61,215072.934622
477434.628871,4.848125,498,0.852082,784,2,1494,349,2414.36625
478332.111183,3488.958944,31,0.131923,785,2,93,22,108157.727264
479045.70123,8.10556,16,1.804395,786,2,48,12,129.68896
481471.04142,29375.682236,3,0.83246,787,2,9,3,88127.04670800001
481632.65837,161916.34348,256,1.449015,788,2,768,180,41450583.93088
481749.85202,687158.894345,12,1.078969,789,3,20,10,8245906.732140001
482243.093392,724.598927,288,0.884608,790,2,864,202,208684.490976
482799.999196,34824.339896,8,1.900771,791,2,24,6,278594.719168
485162.323468,114.936029,158,0.927323,792,2,474,111,18159.892582
485319.667339,2463.3141,173,1.804914,793,2,519,122,426153.3393
486146.641742,33512.29877,71,0.295006,794,2,213,50,2379373.2126700003
486474.479031,2256463.971543,6,1.943994,795,2,18,5,13538783.829258
487614.075913,1014.468371,288,0.125538,796,2,864,202,292166.890848
487808.281795,1940.204077,29,0.113473,797,2,87,21,56265.918233
488601.797265,8.857887,69,0.168795,798,2,207,49,611.194203
488706.675851,452971.77882,2,1.336135,799,2,6,2,905943.55764
488755.622128,1188465.477312,15,1.211902,800,2,45,11,17826982.15968
488872.84332,42.950742,2,0.21721,801,2,6,2,85.901484
489226.980865,118.023466,38,0.936753,802,2,114,27,4484.891708
489724.862527,46.164993,141,1.955996,803,2,423,99,6509.264013
490685.323978,99.267112,8,1.77312,804,2,24,6,794.136896
490768.686706,75745.019835,4,1.793946,805,2,12,3,302980.07934
490797.401496,268344.820115,8,0.769952,806,2,24,6,2146758.56092
491359.83122,56.199305,48,0.894417,807,2,144,34,2697.56664
491511.233491,3.357684,39,0.72658,808,2,117,28,130.94967599999998
491568.697963,222925.011144,67,1.405787,809,2,201,47,14935975.746648
491615.496572,952423.178972,2,0.515289,810,2,6,2,1904846.357944
492220.085906,18.382633,27,1.13304,811,2,81,19,496.331091
492268.331688,4177.40112,198,0.497375,812,2,594,139,827125.42176
493062.017115,24458.270726,3,1.782319,813,2,9,3,73374.812178
493570.616935,34276.026326,2,0.038707,814,2,6,2,68552.052652
493904.652164,1231786.316311,192,0.50531,815,2,576,135,236502972.731712
494190.479088,36.177878,30,1.327126,816,2,90,21,1085.33634
494847.89713,4.961841,35,1.73764,817,2,105,25,173.664435
495166.410139,184123.485864,3,0.883944,818,2,9,3,552370.457592
497332.658716,62721.210206,74,0.291104,819,2,222,52,4641369.555244001
497481.175811,9709.330037,6,1.775567,820,2,18,5,58255.980222
498189.995919,1989.931116,28,0.31305,821,2,84,20,55718.071248
499300.123085,161375.238432,273,1.414347,822,2,819,192,44055440.09193601
499968.343734,5.929392,21,1.805883,823,2,63,15,124.517232
501470.854771,3021.138368,85,0.418797,824,2,255,60,256796.76128
501644.900772,82.620903,60,0.884426,825,2,180,42,4957.25418
502465.820823,70.292099,413,1.081192,826,2,1239,290,29030.636887
502814.197165,434864.999373,38,0.193389,827,2,114,27,16524869.976174
503547.375279,111.263776,143,0.402282,828,2,429,101,15910.719968
504415.945727,5236.890986,2,1.45087,829,2,6,2,10473.781972
504457.849807,237684.255344,347,1.289459,830,2,1041,243,82476436.604368
504538.441758,751.818821,6,1.063319,831,2,18,5,4510.912926
504808.541222,184934.471893,2,1.217583,832,2,6,2,369868.943786
505855.054931,34.161806,4,1.526176,833,2,12,3,136.647224
506839.844069,7.420828,28,1.990526,834,2,84,20,207.783184
507266.009327,81.366505,151,1.029384,835,2,453,106,12286.342255
508131.983631,1532.05211,126,0.360949,836,2,378,89,193038.56586
508272.412184,6.643773,22,0.10881,837,2,66,16,146.163006
508951.016008,48955.82589,11,0.793223,838,2,33,8,538514.08479
509155.451791,9222.380881,21,1.810084,839,2,63,15,193669.998501
509329.045085,12.974806,13,0.569457,840,2,39,10,168.67247799999998
509572.327415,160893.542398,9,0.950803,841,2,27,7,1448041.8815819998
510308.026237,65359.921024,106,0.150103,842,3,170,85,6928151.628544
510414.880134,537543.284189,390,0.661043,843,2,1170,273,209641880.83371
510786.563426,29246.510622,49,1.854461,844,2,147,35,1433079.0204780002
510831.751406,22995.418051,53,0.820775,845,2,159,38,1218757.156703
510846.768427,29.155685,60,0.763347,846,2,180,42,1749.3411
511019.405477,6.343047,5,0.184639,847,2,15,4,31.715235
511408.553101,708.884682,5,0.55262,848,2,15,4,3544.42341
512583.461811,15.094337,9,0.206048,849,2,27,7,135.849033
513401.755486,24527.173018,2,1.770307,850,2,6,2,49054.346036
514506.114687,246403.699876,4,1.599514,851,2,12,3,985614.799504
514668.45221,144306.564537,12,0.841826,852,2,36,9,1731678.774444
514777.960681,34.306094,4,0.135817,853,2,12,3,137.224376
514962.129073,12165.857149,62,1.976143,854,3,100,50,754283.143238
516216.949989,19.574013,482,0.934332,855,2,1446,338,9434.674266
516724.130027,76639.880554,252,1.088555,856,2,756,177,19313249.899608
517198.018035,57252.350081,15,1.359883,857,2,45,11,858785.2512149999
517458.453039,1501.063933,6,0.083134,858,2,18,5,9006.383598
517959.104007,598187.024845,2,1.305139,859,2,6,2,1196374.04969
518674.681393,706.25717,30,1.94308,860,2,90,21,21187.7151
519209.943326,12.118185,25,0.814777,861,2,75,18,302.954625
519383.077147,375005.422319,7,1.279417,862,2,21,5,2625037.956233
519438.989962,12.212192,2,0.68386,863,2,6,2,24.424384
519745.397682,3071916.80504,5,1.781297,864,2,15,4,15359584.0252
521180.616733,303.864659,302,0.278489,865,2,906,212,91767.127018
521272.516175,1565.030659,11,0.807999,866,2,33,8,17215.337249
521441.781887,272505.172233,26,0.548661,867,2,78,19,7085134.478058
522919.151575,4.433431,2,0.774359,868,2,6,2,8.866862
523392.842363,194.073041,121,1.117881,869,2,363,85,23482.837961
523759.366196,29.856424,54,1.555245,870,2,162,38,1612.246896
524000.546339,564109.989505,12,1.178784,871,2,36,9,6769319.874059999
524604.750641,1564.134431,18,1.500867,872,2,54,13,28154.419758
524679.867926,3547.057688,68,0.813191,873,2,204,48,241199.922784
524741.699319,2970.865249,158,1.953706,874,2,474,111,469396.709342
525192.307952,1327.624567,4,0.495715,875,2,12,3,5310.498268
525310.005255,195823.10714,3,0.925062,876,2,9,3,587469.32142
526241.795373,20.155814,17,1.212945,877,2,51,12,342.648838
526715.254053,2452008.173724,4,1.849025,878,2,12,3,9808032.694896
528852.825759,230034.814297,5,1.411596,879,2,15,4,1150174.071485
531191.037142,14404.790682,85,1.666631,880,2,255,60,1224407.20797
531508.744901,230.947919,2,1.557082,881,2,6,2,461.895838
533844.414199,13239.075428,10,0.369046,882,2,30,7,132390.75428
533886.946345,812.198187,4,0.763259,883,3,7,4,3248.792748
533931.636991,369672.552644,478,0.212131,884,2,1434,335,176703480.16383198
534134.149544,20.029777,37,1.914251,885,2,111,26,741.1017489999999
534276.598501,2444632.367075,17,1.008668,886,2,51,12,41558750.240275
536267.61833,11.979754,3,0.127197,887,2,9,3,35.939262
536499.185781,9.872543,21,0.085865,888,2,63,15,207.323403
536867.49816,2336421.17743,67,1.502523,889,2,201,47,156540218.88781002
537101.468599,38714.934483,4,1.342294,890,3,7,4,154859.737932
537121.140997,674.889069,318,1.090362,891,2,954,223,214614.723942
537284.508714,327.87495,8,0.435936,892,3,13,7,2622.9996
538496.44263,106.41613,356,0.526119,893,2,1068,250,37884.14228
538618.217313,1591155.137896,13,0.602972,894,2,39,10,20685016.792648
538857.886376,403598.037707,417,0.698449,895,2,1251,292,168300381.723819
539547.240774,4.66202,6,1.050226,896,2,18,5,27.97212
541188.014139,2861.640915,2,1.984239,897,2,6,2,5723.28183
541692.018332,113050.651551,11,1.529834,898,2,33,8,1243557.167061
542624.002961,850339.391399,5,0.319736,899,2,15,4,4251696.956995
542986.86196,2459913.358389,3,1.917783,900,2,9,3,7379740.075167
544364.033792,20466.904842,3,0.145002,901,2,9,3,61400.714526
544555.649336,747.626776,2,0.025993,902,2,6,2,1495.253552
544757.87269,9.332487,14,1.622367,903,2,42,10,130.654818
545241.143286,97.360847,180,1.661133,904,3,288,144,17524.95246
545371.97121,5.920532,308,0.080574,905,2,924,216,1823.523856
546884.979651,11445.937649,4,0.397852,906,2,12,3,45783.750596
547348.250356,206.685712,4,1.199734,907,2,12,3,826.742848
548428.382027,299.758149,125,0.374682,908,2,375,88,37469.768625
548650.362799,886356.629518,15,0.223019,909,2,45,11,13295349.44277
549075.414695,7812.319208,419,0.662491,910,2,1257,294,3273361.748152
549086.030895,20.692188,17,1.80232,911,2,51,12,351.767196
549346.149806,2679502.653212,124,1.684443,912,2,372,87,332258328.99828804
550035.360819,228.08078,22,1.023326,913,2,66,16,5017.77716
550123.44856,39905.668554,5,1.279849,914,2,15,4,199528.34277
550449.907726,319.907153,127,0.025208,915,2,381,89,40628.208431
550882.018996,3708.221737,2,0.922822,916,3,4,2,7416.443474
551428.863473,1442.557703,459,1.709277,917,2,1377,322,662133.985677
552545.573432,3528.633254,8,1.867733,918,2,24,6,28229.066032
552951.126567,108.939975,63,0.009548,919,2,189,45,6863.218425
553291.368459,542535.814217,17,1.632682,920,2,51,12,9223108.841689
553982.472237,814.867748,197,0.200068,921,3,316,158,160528.946356
554732.185836,11545.915057,327,0.614249,922,2,981,229,3775514.223639
554891.233896,63581.730089,23,1.507115,923,2,69,17,1462379.792047
554994.468899,1003197.215825,2,0.3519,924,2,6,2,2006394.43165
555510.498812,44964.634521,2,0.185821,925,2,6,2,89929.269042
555590.653804,31763.875566,35,0.66086,926,2,105,25,1111735.64481
557153.313002,26622.315051,252,1.849109,927,2,756,177,6708823.392852
557886.826373,62.613627,9,0.459513,928,2,27,7,563.522643
558443.258714,3.044522,5,1.805145,929,2,15,4,15.22261
558569.700247,97654.962402,66,1.786475,930,2,198,47,6445227.5185320005
558971.941257,270.522774,47,1.251536,931,2,141,33,12714.570378
559686.290139,3269.547732,2,1.757385,932,2,6,2,6539.095464
560034.453481,1789245.012857,21,0.904986,933,2,63,15,37574145.269997
560904.7578,107517.797743,2,1.178543,934,2,6,2,215035.595486
561192.188467,2939621.003765,467,1.735305,935,2,1401,327,1372803008.758255
561376.800672,38834.041285,56,0.818704,936,2,168,40,2174706.31196
561725.611072,1199043.554936,272,0.361618,937,2,816,191,326139846.942592
562433.276942,2813.338431,2,0.796518,938,2,6,2,5626.676862
562504.49117,1999153.880577,8,0.755366,939,2,24,6,15993231.044616
563463.721626,16407.098966,3,0.617104,940,2,9,3,49221.296898
564603.078196,1305400.586992,4,0.281507,941,2,12,3,5221602.347968
566040.180704,620802.775693,21,1.476127,942,2,63,15,13036858.289553
567793.848664,204.904902,4,1.910446,943,2,12,3,819.619608
567952.865211,128.222147,444,1.656038,944,2,1332,311,56930.633268000005
568599.497003,65072.080385,52,1.350991,945,2,156,37,3383748.18002
570432.791874,654570.041741,87,0.443175,946,2,261,61,56947593.631467
570481.565547,568.103309,3,0.248407,947,2,9,3,1704.3099269999998
570527.038648,63.798319,13,0.822316,948,2,39,10,829.378147
570755.803622,2013.771813,6,1.811966,949,2,18,5,12082.630878
570934.90705,36831.829342,76,1.446683,950,2,228,54,2799219.029992
571557.315213,8.077656,5,1.98982,951,2,15,4,40.38828
572256.108496,5.611314,52,0.069057,952,2,156,37,291.788328
572374.746792,1822656.93411,56,1.901411,953,2,168,40,102068788.31016
573490.420488,609232.356006,7,1.120349,954,2,21,5,4264626.492042
574315.313302,94.902271,114,1.043627,955,2,342,80,10818.858894
575358.803988,124.935991,180,1.751045,956,2,540,126,22488.47838
576024.795401,81.425232,2,1.12123,957,2,6,2,162.850464
576154.19962,617352.444531,6,0.881108,958,2,18,5,3704114.667186
576527.064646,118.505837,232,0.375537,959,2,696,163,27493.354184
576555.406086,386.630833,2,0.513693,960,2,6,2,773.261666
577140.612994,3960.218857,3,0.286219,961,2,9,3,11880.656571
577852.770336,275.315404,7,0.288649,962,2,21,5,1927.207828
578593.144035,2418.018797,16,0.722629,963,3,26,13,38688.300752
578838.037399,32.261513,315,1.895531,964,2,945,221,10162.376595
578947.211711,2792.464543,236,1.418627,965,2,708,166,659021.6321480001
580415.226385,30653.46694,2,0.370531,966,2,6,2,61306.93388
580453.971025,8271.023632,16,0.193667,967,2,48,12,132336.378112
580907.946088,889.184137,2,1.566844,968,2,6,2,1778.368274
581785.397987,9.373708,2,1.353369,969,2,6,2,18.747416
583354.604234,373.814987,47,1.99843,970,2,141,33,17569.304388999997
584266.790485,334124.692252,136,0.202635,971,2,408,96,45440958.146272
584734.281061,43.471915,4,0.990217,972,2,12,3,173.88766
585982.463558,1247.978684,369,1.136153,973,3,591,296,460504.134396
586236.579164,5.57668,353,1.396832,974,2,1059,248,1968.56804
586668.715673,1362775.490693,292,1.057837,975,2,876,205,397930443.282356
587306.114358,13678.383764,401,1.93451,976,2,1203,281,5485031.889364
588141.361423,43.739246,16,0.084506,977,2,48,12,699.827936
588149.728767,3517.625123,21,0.391525,978,2,63,15,73870.127583
588239.31293,278.983258,16,1.622656,979,2,48,12,4463.732128
588259.297746,2113.612318,350,1.815892,980,2,1050,245,739764.3113
588422.01103,799.177508,2,1.353193,981,2,6,2,1598.355016
588622.407811,4.539264,29,1.363482,982,2,87,21,131.638656
589817.977602,1369441.481407,4,1.166281,983,2,12,3,5477765.925628
590262.619474,8238.691174,21,1.940329,984,2,63,15,173012.514654
590697.650686,325632.350121,2,1.857447,985,2,6,2,651264.700242
590706.613799,776747.271083,3,1.848299,986,2,9,3,2330241.813249
591470.573447,44450.218948,4,0.788814,987,2,12,3,177800.875792
592688.076358,14.91173,12,1.347318,988,2,36,9,178.94076
593258.156324,251913.558496,98,1.167924,989,2,294,69,24687528.732608
593464.34162,7.699389,421,0.404292,990,2,1263,295,3241.442769
593654.012171,46207.294424,231,1.650041,991,2,693,162,10673885.011944
594057.521549,234600.316855,26,1.269069,992,2,78,19,6099608.23823
594748.629375,1101791.933826,15,1.059633,993,2,45,11,16526879.00739
594890.756423,31820.42736,15,0.380135,994,2,45,11,477306.41040000005
595794.628631,10106.803259,3,1.92608,995,2,9,3,30320.409777
596155.423023,36769.969378,5,1.046254,996,2,15,4,183849.84689
596948.375036,106.543678,36,0.291934,997,2,108,26,3835.572408
597948.664195,30357.64905,262,1.428442,998,2,786,184,7953704.0511
598234.602521,5.071098,4,0.104801,999,2,12,3,20.284392
598616.669514,380515.556103,5,1.93472,1000,1,5,5,1902577.780515
