S_ime,W_time,R_time,Processors,id,type,Max_resource,Min_resource,Total_cost
0,11,74700,240,15001,2,384,168,17928000
401.85,0,116,200,15002,2,320,140,23200
960.975,5,462,1,15003,2,2,1,462
1133.775,0,246,1,15004,2,2,1,246
1258.425,2,84,36,15005,2,58,26,3024
1281.825,1,83,36,15006,2,58,26,2988
1289.925,1,227,1,15007,2,2,1,227
1329.075,1,95,36,15008,2,58,26,3420
1361.475,1,102,36,15009,2,58,26,3672
1370.025,5,248,1,15010,2,2,1,248
1400.175,4,241,36,15011,2,58,26,8676
1452.6,1,147,36,15012,2,58,26,5292
1487.25,6,1696,36,15013,2,58,26,61056
1491.3,10,509,1,15014,2,2,1,509
1498.95,3,398,1,15015,2,2,1,398
1521.9,5,1730,36,15016,2,58,26,62280
1596.6,9,1666,36,15017,2,58,26,59976
1600.425,3,1591,36,15018,2,58,26,57276
1867.5,0,9157,2000,15019,2,3200,1400,18314000
1875.15,1,405,1,15020,2,2,1,405
1917.9,6,146,200,15021,2,320,140,29200
2053.125,0,499,1,15022,2,2,1,499
2115.225,1,300,200,15023,2,320,140,60000
2283.525,3,146,200,15024,2,320,140,29200
2353.5,4,104,200,15025,2,320,140,20800
2439.675,0,296,1,15026,2,2,1,296
2443.5,11,458,1,15027,2,2,1,458
2513.7,9,83,240,15028,3,384,192,19920
2518.425,0,86400,2000,15029,2,3200,1400,172800000
2519.775,6,135,240,15030,2,384,168,32400
2525.625,2,102,240,15031,2,384,168,24480
2569.275,0,1229,240,15032,2,384,168,294960
2569.95,9,1062,1,15033,2,2,1,1062
2573.1,11,1227,240,15034,2,384,168,294480
2581.65,4,1229,240,15035,2,384,168,294960
2610,1,1133,240,15036,3,384,192,271920
2625.75,361,6929,2000,15037,2,3200,1400,13858000
2696.4,0,62727,240,15038,2,384,168,15054480
2705.4,7,1400,48,15039,2,77,34,67200
2817.45,6731,843,2000,15040,2,3200,1400,1686000
2817.45,2,62198,240,15041,2,384,168,14927520
2821.95,4,47,20,15042,2,32,14,940
2822.175,3,600,40,15043,2,64,28,24000
2822.175,3,600,80,15044,2,128,56,48000
2822.175,3,600,160,15045,2,256,112,96000
2822.175,3,600,320,15046,2,512,224,192000
2822.175,3,600,640,15047,2,1024,448,384000
2822.175,722,104,1280,15048,3,2048,1024,133120
2822.4,2933,143,2560,15049,3,4096,2048,366080
2822.4,6416,122,5120,15050,2,8192,3584,624640
2837.475,4,62096,240,15051,2,384,168,14903040
2842.875,2842,59234,240,15052,2,384,168,14216160
2848.95,2837,59212,240,15053,2,384,168,14210880
2854.8,2932,59091,240,15054,2,384,168,14181840
2861.325,1,1200,1,15055,2,2,1,1200
2923.65,1,1567,20,15056,2,32,14,31340
2925,11,1551,20,15057,2,32,14,31020
2925,11,1563,20,15058,2,32,14,31260
2925.225,10,1551,20,15059,2,32,14,31020
2925.225,10,1551,20,15060,2,32,14,31020
2925.225,10,1551,20,15061,2,32,14,31020
2925.225,10,1563,20,15062,2,32,14,31260
2925.45,9,1551,20,15063,2,32,14,31020
2925.45,9,1563,20,15064,2,32,14,31260
2925.45,9,1563,20,15065,2,32,14,31260
2925.45,9,1563,20,15066,2,32,14,31260
2925.45,9,1563,20,15067,2,32,14,31260
2925.675,8,1551,20,15068,2,32,14,31020
2925.675,8,1551,20,15069,2,32,14,31020
2925.675,8,1563,20,15070,2,32,14,31260
2925.675,8,1563,20,15071,2,32,14,31260
2925.9,7,1563,20,15072,2,32,14,31260
2925.9,7,1563,20,15073,2,32,14,31260
2925.9,7,1563,20,15074,2,32,14,31260
2926.125,6,1563,20,15075,2,32,14,31260
2926.125,6,1563,20,15076,2,32,14,31260
2926.125,6,1563,20,15077,2,32,14,31260
2926.125,6,1563,20,15078,2,32,14,31260
2926.125,6,1563,20,15079,2,32,14,31260
2926.125,6,1563,20,15080,2,32,14,31260
2926.125,6,1563,20,15081,2,32,14,31260
2926.35,5,1563,20,15082,2,32,14,31260
2926.35,5,1563,20,15083,2,32,14,31260
2926.35,5,1563,20,15084,2,32,14,31260
2926.35,5,1563,20,15085,2,32,14,31260
2926.35,5,1563,20,15086,2,32,14,31260
2926.35,5,1563,20,15087,2,32,14,31260
2926.35,5,1563,20,15088,2,32,14,31260
2926.575,4,1563,20,15089,2,32,14,31260
2926.575,4,1563,20,15090,2,32,14,31260
2926.575,4,1563,20,15091,2,32,14,31260
2926.575,4,1563,20,15092,2,32,14,31260
2926.575,4,1563,20,15093,2,32,14,31260
2926.575,4,1563,20,15094,2,32,14,31260
2926.575,4,1563,20,15095,2,32,14,31260
2926.8,3,1563,20,15096,2,32,14,31260
2926.8,3,1563,20,15097,2,32,14,31260
2926.8,3,1563,20,15098,2,32,14,31260
2926.8,3,1563,20,15099,2,32,14,31260
2926.8,3,1563,20,15100,2,32,14,31260
2926.8,3,1563,20,15101,2,32,14,31260
2926.8,3,1563,20,15102,2,32,14,31260
2927.025,2,1563,20,15103,2,32,14,31260
2927.025,2,1563,20,15104,2,32,14,31260
3021.3,3,26598,80,15105,2,128,56,2127840
3026.025,4,4551,80,15106,2,128,56,364080
3203.1,5017,219,2400,15107,2,3840,1680,525600
3250.575,0,104,40,15108,2,64,28,4160
3252.15,5,47,20,15109,2,32,14,940
3271.275,0,102,80,15110,2,128,56,8160
3275.1,6,100,160,15111,2,256,112,16000
3280.95,4,108,320,15112,2,512,224,34560
3285.225,4359,122,256,15113,2,410,180,31232
3287.25,9,75,640,15114,2,1024,448,48000
3290.175,7,151,1280,15115,2,2048,896,193280
3380.625,1,102,20,15116,2,32,14,2040
3381.975,11,123,40,15117,2,64,28,4920
3381.975,11,134,80,15118,2,128,56,10720
3382.2,10,134,160,15119,2,256,112,21440
3382.2,10,134,320,15120,2,512,224,42880
3382.2,10,176,640,15121,2,1024,448,112640
3382.2,10,176,1280,15122,3,2048,1024,225280
3382.425,587,166,2560,15123,2,4096,1792,424960
3382.425,4049,171,5120,15124,2,8192,3584,875520
3598.875,1462,78096,240,15125,3,384,192,18743040
4378.725,11,259200,2000,15126,2,3200,1400,518400000
4423.05,11,81154,2400,15127,2,3840,1680,194769600
4605.075,1,63584,256,15128,3,410,205,16277504
4613.625,5,86400,2000,15129,2,3200,1400,172800000
4620.6,48965,259200,2000,15130,2,3200,1400,518400000
5396.4,9,71624,480,15131,2,768,336,34379520
5605.65,2947,62347,320,15132,2,512,224,19951040
5613.975,19628,62245,320,15133,2,512,224,19918400
5624.55,19581,62398,320,15134,2,512,224,19967360
6709.275,0,115,32,15135,2,52,23,3680
9005.4,5,229760,32,15136,2,52,23,7352320
9045,0,118,32,15137,2,52,23,3776
9138.15,1,259200,32,15138,2,52,23,8294400
9625.275,0,45640,20,15139,2,32,14,912800
9626.625,11,45255,20,15140,2,32,14,905100
9626.625,11,45771,20,15141,2,32,14,915420
9626.625,11,45978,20,15142,2,32,14,919560
9626.85,10,47828,20,15143,2,32,14,956560
9626.85,1793,79479,20,15144,2,32,14,1589580
9626.85,1793,79989,20,15145,2,32,14,1599780
9626.85,1793,79989,20,15146,2,32,14,1599780
9627.075,1792,62600,20,15147,2,32,14,1252000
9627.075,1792,63266,20,15148,2,32,14,1265320
9627.075,1792,64970,20,15149,2,32,14,1299400
9627.075,1792,80656,20,15150,2,32,14,1613120
9627.3,1791,63328,20,15151,2,32,14,1266560
9627.3,1791,63445,20,15152,2,32,14,1268900
9627.3,1791,63823,20,15153,2,32,14,1276460
9627.3,1791,79003,20,15154,2,32,14,1580060
9627.3,1791,80103,20,15155,2,32,14,1602060
9627.525,1790,63854,20,15156,2,32,14,1277080
9627.525,1790,79727,20,15157,2,32,14,1594540
9627.525,1790,80687,20,15158,2,32,14,1613740
9627.75,1789,62748,20,15159,2,32,14,1254960
9627.75,1789,63100,20,15160,2,32,14,1262000
9627.75,1789,63750,20,15161,2,32,14,1275000
9627.75,1789,79843,20,15162,2,32,14,1596860
9627.75,1789,80603,20,15163,2,32,14,1612060
9627.75,1789,80914,20,15164,2,32,14,1618280
9627.75,1789,81661,20,15165,2,32,14,1633220
9627.975,1788,55796,20,15166,2,32,14,1115920
9627.975,1788,56058,20,15167,2,32,14,1121160
9627.975,1788,64784,20,15168,2,32,14,1295680
9627.975,1788,80836,20,15169,2,32,14,1616720
9627.975,1788,81039,20,15170,2,32,14,1620780
9627.975,1788,81588,20,15171,2,32,14,1631760
9627.975,1788,83089,20,15172,2,32,14,1661780
9628.2,1787,54310,20,15173,2,32,14,1086200
9628.2,1787,55608,20,15174,2,32,14,1112160
9628.2,1787,55608,20,15175,2,32,14,1112160
9628.2,1787,55973,20,15176,2,32,14,1119460
9628.2,1787,56279,20,15177,2,32,14,1125580
9628.2,1787,63708,20,15178,2,32,14,1274160
9628.2,1787,65612,20,15179,2,32,14,1312240
9628.425,1786,55869,20,15180,2,32,14,1117380
9628.425,1786,56843,20,15181,2,32,14,1136860
9628.425,1786,56843,20,15182,2,32,14,1136860
9628.425,1786,56978,20,15183,2,32,14,1139560
9628.425,1786,57472,20,15184,2,32,14,1149440
9628.425,1786,64302,20,15185,2,32,14,1286040
9628.65,1785,56783,20,15186,2,32,14,1135660
9628.65,1785,57410,20,15187,2,32,14,1148200
9628.65,1785,57717,20,15188,2,32,14,1154340
16343.1,0,10800,238,15189,2,381,167,2570400
16411.05,0,1597,36,15190,2,58,26,57492
16414.875,6,1660,36,15191,2,58,26,59760
16501.5,4,514,1,15192,2,2,1,514
16527.15,10,437,1,15193,2,2,1,437
16544.475,11,1158,1,15194,2,2,1,1158
16560.225,0,467,48,15195,2,77,34,22416
16658.325,10,488,1,15196,2,2,1,488
16659.675,4,488,1,15197,2,2,1,488
16846.65,3,1200,1,15198,2,2,1,1200
17037.9,10,99294,240,15199,2,384,168,23830560
17044.875,1,199316,240,15200,2,384,168,47835840
17053.425,5,142653,240,15201,2,384,168,34236720
17060.85,0,198159,240,15202,2,384,168,47558160
17067.15,0,163839,240,15203,2,384,168,39321360
17085.6,3,198004,240,15204,2,384,168,47520960
17086.05,1,128485,240,15205,2,384,168,30836400
17086.95,8,198316,240,15206,2,384,168,47595840
17087.625,5,110031,240,15207,2,384,168,26407440
17141.85,1,1307,1,15208,2,2,1,1307
17160.75,6,13560,400,15209,2,640,280,5424000
17183.025,0,70,80,15210,2,128,56,5600
17189.1,1,40007,80,15211,2,128,56,3200560
17213.175,0,39487,80,15212,2,128,56,3158960
17413.425,11,90,20,15213,2,32,14,1800
17413.425,11,90,80,15214,2,128,56,7200
17413.425,11,123,40,15215,2,64,28,4920
17413.65,10,123,160,15216,2,256,112,19680
17413.65,10,134,320,15217,2,512,224,42880
17413.65,10,165,640,15218,2,1024,448,105600
17413.65,175,145,1280,15219,3,2048,1024,185600
17413.875,18158,119,2560,15220,2,4096,1792,304640
17413.875,23440,1800,5120,15221,2,8192,3584,9216000
17443.125,189,144,1280,15222,2,2048,896,184320
17520.975,1,330,20,15223,2,32,14,6600
17522.325,11,500,1,15224,2,2,1,500
17545.275,0,119,1280,15225,2,2048,896,152320
17646.3,2,462,20,15226,2,32,14,9240
17702.775,1,119,1280,15227,2,2048,896,152320
17780.85,1,84,300,15228,2,480,210,25200
17799.75,1,405,1280,15229,2,2048,896,518400
17823.825,299,141,1280,15230,2,2048,896,180480
18011.925,0,157,20,15231,2,32,14,3140
18013.05,11,196,40,15232,2,64,28,7840
18013.275,10,180,80,15233,2,128,56,14400
18013.275,10,196,160,15234,2,256,112,31360
18013.275,10,228,320,15235,2,512,224,72960
18013.275,10,228,640,15236,2,1024,448,145920
18013.5,237,228,1280,15237,3,2048,1024,291840
18013.5,15612,112,2560,15238,3,4096,2048,286720
18013.5,49959,188,5120,15239,2,8192,3584,962560
18210.15,5,244,20,15240,2,32,14,4880
18283.95,1,184,20,15241,2,32,14,3680
18301.275,2,252,20,15242,2,32,14,5040
18301.275,2,305,40,15243,2,64,28,12200
18301.5,1,305,80,15244,2,128,56,24400
18301.5,1,305,160,15245,2,256,112,48800
18301.5,1,358,320,15246,2,512,224,114560
18301.5,1,358,640,15247,2,1024,448,229120
18301.5,830,346,1280,15248,2,2048,896,442880
18301.5,14444,157,2560,15249,2,4096,1792,401920
18301.5,21437,268,5120,15250,2,8192,3584,1372160
18321.75,0,354,20,15251,2,32,14,7080
18323.1,11,377,40,15252,2,64,28,15080
18323.1,11,377,80,15253,2,128,56,30160
18323.1,11,408,160,15254,2,256,112,65280
18323.1,210,451,320,15255,2,512,224,144320
18323.325,262,471,640,15256,2,1024,448,301440
18323.325,1079,445,1280,15257,2,2048,896,569600
18323.325,14504,239,2560,15258,3,4096,2048,611840
18323.325,21608,438,5120,15259,2,8192,3584,2242560
18382.5,10,321,20,15260,2,32,14,6420
18397.8,0,87,20,15261,2,32,14,1740
18417.825,9,74,20,15262,2,32,14,1480
18432,4,107,20,15263,2,32,14,2140
18468,1,435,48,15264,2,77,34,20880
18553.95,1,10800,238,15265,2,381,167,2570400
19106.1,6,213,20,15266,2,32,14,4260
19121.175,0,315,48,15267,2,77,34,15120
19180.125,0,81,20,15268,2,32,14,1620
19192.05,0,326,48,15269,2,77,34,15648
19205.1,1,70,20,15270,2,32,14,1400
19283.85,0,174,1280,15271,2,2048,896,222720
19292.625,4,78,20,15272,2,32,14,1560
19334.475,0,294,48,15273,2,77,34,14112
19387.35,0,25033,48,15274,2,77,34,1201584
19440.45,0,78,20,15275,2,32,14,1560
19441.8,11,99,40,15276,2,64,28,3960
19441.8,11,99,80,15277,2,128,56,7920
19441.8,11,113,160,15278,2,256,112,18080
19441.8,11,113,320,15279,2,512,224,36160
19442.025,10,113,640,15280,2,1024,448,72320
19442.025,935,89,1280,15281,2,2048,896,113920
19450.575,1,84,20,15282,2,32,14,1680
19450.575,1,117,40,15283,2,64,28,4680
19450.575,1,117,80,15284,2,128,56,9360
19450.575,1,117,160,15285,2,256,112,18720
19450.575,1,117,320,15286,2,512,224,37440
19451.925,277,87,640,15287,2,1024,448,55680
19452.15,979,108,1280,15288,2,2048,896,138240
19452.15,9726,109,2560,15289,3,4096,2048,279040
19452.15,17029,1800,5120,15290,2,8192,3584,9216000
19452.825,7,68,20,15291,2,32,14,1360
19455.525,11,110,20,15292,2,32,14,2200
19455.525,11,121,40,15293,2,64,28,4840
19455.75,10,152,80,15294,2,128,56,12160
19455.75,62,137,160,15295,2,256,112,21920
19455.75,62,158,320,15296,2,512,224,50560
19455.75,347,180,640,15297,2,1024,448,115200
19455.975,1070,181,1280,15298,2,2048,896,231680
19456.875,57,158,20,15299,2,32,14,3160
19456.875,57,170,40,15300,2,64,28,6800
19456.875,57,198,80,15301,2,128,56,15840
19456.875,57,198,320,15302,2,512,224,63360
19456.875,57,232,160,15303,2,256,112,37120
19456.875,354,221,640,15304,2,1024,448,141440
19457.1,1246,236,1280,15305,2,2048,896,302080
19459.125,47,232,20,15306,2,32,14,4640
19459.125,47,254,40,15307,2,64,28,10160
19459.35,46,285,80,15308,2,128,56,22800
19459.35,79,252,320,15309,2,512,224,80640
19459.35,79,306,160,15310,2,256,112,48960
19459.35,511,347,640,15311,2,1024,448,222080
19459.575,1471,233,1280,15312,2,2048,896,298240
19561.05,0,81,20,15313,2,32,14,1620
19653.75,5,89,20,15314,2,32,14,1780
19674,4,205,100,15315,2,160,70,20500
19725.3,0,113,100,15316,2,160,70,11300
19737.45,11,79,100,15317,2,160,70,7900
19831.95,49,113,1280,15318,2,2048,896,144640
19881.675,3,108,1280,15319,2,2048,896,138240
19961.1,4,344,1280,15320,2,2048,896,440320
20306.025,1,197,1280,15321,2,2048,896,252160
21465,2,3635,480,15322,2,768,336,1744800
21494.25,1,3539,480,15323,2,768,336,1698720
21504.6,6,3532,480,15324,2,768,336,1695360
21516.75,11,3484,240,15325,2,384,168,836160
21716.775,0,127,1280,15326,2,2048,896,162560
21883.95,0,252600,560,15327,2,896,392,141456000
21888.45,3,252600,560,15328,2,896,392,141456000
21891.6,1741,252600,560,15329,2,896,392,141456000
21989.025,1,1318,240,15330,3,384,192,316320
21993.975,7971,24297,2000,15331,2,3200,1400,48594000
21994.2,1296,83626,240,15332,3,384,192,20070240
22192.425,2,150,2560,15333,3,4096,2048,384000
22214.475,54,155,2560,15334,2,4096,1792,396800
22273.2,78,83434,480,15335,2,768,336,40048320
22275.9,99,83412,240,15336,2,384,168,20018880
22279.95,92,83412,480,15337,2,768,336,40037760
22284.225,7,156,1280,15338,2,2048,896,199680
22288.275,66,83412,240,15339,2,384,168,20018880
22290.75,1753,81725,480,15340,2,768,336,39228000
22293.9,1739,81736,240,15341,2,384,168,19616640
22368.15,1,208,1280,15342,2,2048,896,266240
22417.2,2,159,1280,15343,2,2048,896,203520
22565.25,1,544,1280,15344,2,2048,896,696320
22690.125,8110,126,1280,15345,3,2048,1024,161280
22693.5,4565,136,2560,15346,2,4096,1792,348160
22695.975,4554,179,2560,15347,3,4096,2048,458240
22696.875,4686,452,2560,15348,3,4096,2048,1157120
22698.225,4723,118,2560,15349,2,4096,1792,302080
22967.775,1,21088,238,15350,2,381,167,5018944
23440.95,1540,171223,256,15351,3,410,205,43833088
24019.65,8,279,2560,15352,3,4096,2048,714240
24034.5,23387,1800,5120,15353,3,8192,4096,9216000
24048.675,28792,1800,5120,15354,2,8192,3584,9216000
24055.875,126,138,1280,15355,2,2048,896,176640
24061.725,100,95,2560,15356,2,4096,1792,243200
24065.325,25159,600,5120,15357,2,8192,3584,3072000
24301.575,0,131,20,15358,2,32,14,2620
24306.975,4,252,1,15359,2,2,1,252
24411.15,6,171,3,15360,2,5,3,513
24459.525,4,95,100,15361,2,160,70,9500
24514.65,1,73,100,15362,2,160,70,7300
24547.5,1,70,20,15363,2,32,14,1400
24562.125,6,58,20,15364,2,32,14,1160
24576.3,1,1668,20,15365,2,32,14,33360
24846.075,1,1800,1,15366,2,2,1,1800
24849,4,1800,3,15367,3,5,3,5400
24863.175,14990,259200,2000,15368,2,3200,1400,518400000
24941.925,2,83,200,15369,2,320,140,16600
24960.15,4,73,100,15370,2,160,70,7300
25296.525,1,106,100,15371,2,160,70,10600
25308.225,2,161,100,15372,2,160,70,16100
25332.75,0,199,40,15373,2,64,28,7960
25376.85,3,233,20,15374,2,32,14,4660
25470.9,0,53,12,15375,2,20,9,636
25482.6,1,399,12,15376,2,20,9,4788
25570.35,10,1618,12,15377,2,20,9,19416
26352.225,1,4609,48,15378,2,77,34,221232
26392.725,3,2599,48,15379,2,77,34,124752
26964.9,1,571,48,15380,2,77,34,27408
27066.375,0,108300,48,15381,2,77,34,5198400
29517.75,1,179,48,15382,2,77,34,8592
29542.05,2,190,48,15383,2,77,34,9120
29557.575,3,10943,48,15384,2,77,34,525264
35331.975,1,896,20,15385,2,32,14,17920
35636.85,0,160,80,15386,2,128,56,12800
35641.575,2,168,80,15387,3,128,64,13440
35737.875,1,1018,5120,15388,2,8192,3584,5212160
35786.475,5,7626,80,15389,2,128,56,610080
35788.275,8,7788,80,15390,2,128,56,623040
35830.575,0,200,160,15391,2,256,112,32000
35875.575,0,158,640,15392,3,1024,512,101120
35892.9,8,280,2560,15393,2,4096,1792,716800
35974.8,8,135,300,15394,2,480,210,40500
35979.75,0,31188,48,15395,3,77,39,1497024
36025.65,1,1222,5120,15396,2,8192,3584,6256640
36026.1,1221,198,5120,15397,2,8192,3584,1013760
36026.1,1419,343,5120,15398,3,8192,4096,1756160
36026.1,1762,201,5120,15399,3,8192,4096,1029120
36026.1,1963,870,5120,15400,2,8192,3584,4454400
36026.325,2832,697,5120,15401,2,8192,3584,3568640
36033.75,0,231,2560,15402,3,4096,2048,591360
36036.45,219,347,2560,15403,2,4096,1792,888320
36039.375,278766,1800,10200,15404,2,16320,7140,18360000
36088.425,0,105,300,15405,2,480,210,31500
36134.55,4,210687,300,15406,2,480,210,63206100
36174.375,0,112,80,15407,2,128,56,8960
36197.1,0,115,80,15408,2,128,56,9200
36230.175,10,104,80,15409,2,128,56,8320
36268.65,5,627,80,15410,3,128,64,50160
36288.9,2362,831,5120,15411,2,8192,3584,4254720
36442.125,0,67,12,15412,2,20,9,804
36480.15,1,87,220,15413,2,352,154,19140
36502.2,2,236,220,15414,2,352,154,51920
36528.3,1,6077,12,15415,2,20,9,72924
36574.65,8,210,800,15416,2,1280,560,168000
36745.65,0,6200,800,15417,2,1280,560,4960000
36866.475,0,10800,238,15418,2,381,167,2570400
37080.225,1,131,800,15419,2,1280,560,104800
37100.25,0,41049,800,15420,2,1280,560,32839200
37160.1,5,172800,500,15421,2,800,350,86400000
37625.175,4,84,160,15422,2,256,112,13440
37659.15,10,76,160,15423,2,256,112,12160
37687.5,3,15494,160,15424,2,256,112,2479040
37690.2,2,20670,160,15425,2,256,112,3307200
37696.5,0,15479,160,15426,2,256,112,2476640
37702.35,6,15458,160,15427,2,256,112,2473280
37706.175,11,119,160,15428,2,256,112,19040
37725.75,1,84,160,15429,2,256,112,13440
37734.525,4,15333,160,15430,2,256,112,2453280
37746.9,2,15291,160,15431,3,256,128,2446560
37838.7,7,156,5120,15432,3,8192,4096,798720
37903.05,10,106,5120,15433,2,8192,3584,542720
37917,54,116,2560,15434,2,4096,1792,296960
37958.4,0,116,5120,15435,2,8192,3584,593920
38134.35,7,125,800,15436,2,1280,560,100000
38176.65,6,88,800,15437,2,1280,560,70400
38188.8,5,76953,800,15438,2,1280,560,61562400
38238.75,4,89,8,15439,2,13,6,712
38263.725,0,358,8,15440,2,13,6,2864
38980.125,1,1554,36,15441,2,58,26,55944
38997.225,9,399,8,15442,2,13,6,3192
39161.25,1,1023,8,15443,2,13,6,8184
39215.475,4,616,5120,15444,2,8192,3584,3153920
39413.025,0,109,8,15445,2,13,6,872
39459.6,6,95,8,15446,2,13,6,760
39469.95,0,268,2560,15447,2,4096,1792,686080
39485.475,0,110,8,15448,3,13,7,880
39511.35,84,109,5120,15449,2,8192,3584,558080
39514.05,5,965,8,15450,2,13,6,7720
39531.15,8,109,8,15451,2,13,6,872
39556.575,4,109,8,15452,2,13,6,872
39600.225,3,70,8,15453,2,13,6,560
39620.925,0,70,8,15454,2,13,6,560
39643.875,10,69,8,15455,2,13,6,552
39661.65,0,112,8,15456,2,13,6,896
39676.05,0,261,8,15457,2,13,6,2088
39727.125,1,10800,238,15458,2,381,167,2570400
39737.25,0,715,8,15459,2,13,6,5720
39744.225,0,621,8,15460,3,13,7,4968
39841.2,3,282,5120,15461,2,8192,3584,1443840
39889.575,6,78,12,15462,2,20,9,936
39915,2,1363,12,15463,2,20,9,16356
39925.125,4,105,12,15464,2,20,9,1260
39944.925,5,183,12,15465,2,20,9,2196
40037.4,6,21323,12,15466,2,20,9,255876
40145.85,5,719,8,15467,2,13,6,5752
40178.925,9,625,8,15468,2,13,6,5000
40311.9,0,194215,32,15469,2,52,23,6214880
40809.375,3,131,8,15470,2,13,6,1048
40886.55,0,220,8,15471,2,13,6,1760
40950.9,7,590,8,15472,2,13,6,4720
41021.775,1,528,12,15473,2,20,9,6336
41052.6,48,233570,480,15474,2,768,336,112113600
41054.625,6,168062,240,15475,2,384,168,40334880
41056.875,51,195160,480,15476,2,768,336,93676800
41059.35,29,170505,240,15477,2,384,168,40921200
41062.05,50,147218,480,15478,2,768,336,70664640
41065.875,22,158118,240,15479,2,384,168,37948320
41163.75,3,20718,160,15480,2,256,112,3314880
41166,4,20607,160,15481,2,256,112,3297120
41169.15,1,21011,160,15482,2,256,112,3361760
41171.625,1,20092,160,15483,2,256,112,3214720
41175.225,7,20132,160,15484,2,256,112,3221120
41176.8,11,20330,160,15485,2,256,112,3252800
41180.175,7,506,12,15486,2,20,9,6072
41240.925,0,203,8,15487,2,13,6,1624
41291.775,0,2416,12,15488,2,20,9,28992
41323.95,9,36000,800,15489,2,1280,560,28800000
41396.4,8,20795,238,15490,3,381,191,4949210
41485.275,1602,129,5120,15491,3,8192,4096,660480
41485.275,1731,373,5120,15492,3,8192,4096,1909760
41485.275,2104,1800,5120,15493,2,8192,3584,9216000
41485.5,4027,1800,5120,15494,2,8192,3584,9216000
41485.5,5969,1800,5120,15495,2,8192,3584,9216000
41485.5,7904,118,5120,15496,2,8192,3584,604160
41635.125,1,172733,12,15497,2,20,9,2072796
41807.475,6,899,12,15498,2,20,9,10788
41852.7,1,21447,12,15499,2,20,9,257364
41982.525,88483,143845,1296,15500,2,2074,908,186423120
41987.475,92132,132653,1296,15501,2,2074,908,171918288
41990.625,92118,160198,1296,15502,2,2074,908,207616608
42565.275,0,105,200,15503,2,320,140,21000
42600.375,2,172758,200,15504,2,320,140,34551600
43938.225,83462,6943,2000,15505,2,3200,1400,13886000
43963.65,83349,259200,2000,15506,3,3200,1600,518400000
43988.625,83238,79419,2000,15507,2,3200,1400,158838000
45453.375,0,1438,576,15508,3,922,461,828288
45793.575,0,132,5120,15509,3,8192,4096,675840
45812.025,50,261,5120,15510,2,8192,3584,1336320
45814.725,299,1800,5120,15511,2,8192,3584,9216000
45815.85,9,43372,256,15512,3,410,205,11103232
45823.95,2166,1800,5120,15513,3,8192,4096,9216000
45828.9,4086,261,5120,15514,3,8192,4096,1336320
45831.6,4335,600,5120,15515,2,8192,3584,3072000
45957.825,1,43389,256,15516,2,410,180,11107584
46026.225,9,43367,256,15517,2,410,180,11101952
46028.025,218,43378,256,15518,2,410,180,11104768
63138.825,4,3378,32,15519,2,52,23,108096
66672.45,9,77137,32,15520,3,52,26,2468384
75869.55,20964,12062,2000,15521,3,3200,1600,24124000
75876.975,32993,11709,2000,15522,2,3200,1400,23418000
75897.45,36057,232,2000,15523,2,3200,1400,464000
84615.3,1,172800,500,15524,2,800,350,86400000
84620.475,0,116091,256,15525,2,410,180,29719296
84838.725,0,43365,256,15526,2,410,180,11101440
85013.1,5,43348,256,15527,2,410,180,11097088
85112.1,1,36088,1000,15528,2,1600,700,36088000
85173.975,3382,23382,1000,15529,2,1600,700,23382000
85234.725,1,61170,32,15530,2,52,23,1957440
87395.175,1,17032,2000,15531,3,3200,1600,34064000
87426,16755,259200,2000,15532,2,3200,1400,518400000
87437.025,16847,259200,2000,15533,3,3200,1600,518400000
87445.35,52252,259200,2000,15534,3,3200,1600,518400000
87505.875,52157,156506,2000,15535,3,3200,1600,313012000
87541.875,312026,170383,2000,15536,2,3200,1400,340766000
87578.55,376372,259200,2000,15537,2,3200,1400,518400000
93601.125,5,30003,1000,15538,2,1600,700,30003000
93609.9,30,1760,480,15539,2,768,336,844800
94023.225,6,28104,500,15540,2,800,350,14052000
94031.325,1000,27085,500,15541,2,800,350,13542500
94061.7,3137,148890,1296,15542,2,2074,908,192961440
94290.975,0,106,1280,15543,2,2048,896,135680
94294.8,6,114,1280,15544,2,2048,896,145920
94361.4,0,322,640,15545,2,1024,448,206080
94362.975,5,310,1280,15546,2,2048,896,396800
94369.275,0,364,2560,15547,2,4096,1792,931840
94541.85,0,60,16,15548,2,26,12,960
94599.9,1,101,640,15549,2,1024,448,64640
94605.525,0,109,1280,15550,3,2048,1024,139520
94611.15,0,142,2560,15551,2,4096,1792,363520
94633.425,0,325,2560,15552,2,4096,1792,832000
94655.925,0,178,2560,15553,3,4096,2048,455680
94727.7,10,167,2560,15554,3,4096,2048,427520
94735.8,5,1741,5120,15555,2,8192,3584,8913920
94746.375,1,93,800,15556,2,1280,560,74400
94767.3,1,15331,1,15557,2,2,1,15331
94802.4,1,14451,1,15558,2,2,1,14451
94824.675,19455,36000,800,15559,2,1280,560,28800000
95010.75,2,97970,240,15560,2,384,168,23512800
95123.025,25,333,5120,15561,2,8192,3584,1704960
95193.675,44,251,5120,15562,2,8192,3584,1285120
95249.7,46,120,5120,15563,2,8192,3584,614400
95283.225,0,121,20,15564,3,32,16,2420
95362.425,0,600,5120,15565,2,8192,3584,3072000
95398.65,178720,111445,1296,15566,2,2074,908,144432720
95476.95,16556,129600,361,15567,2,578,253,46785600
95479.65,16544,129600,361,15568,2,578,253,46785600
95487.075,16511,37092,361,15569,2,578,253,13390212
95489.55,16500,37710,361,15570,2,578,253,13613310
95718.375,9,3600,800,15571,2,1280,560,2880000
95893.2,14706,43350,256,15572,2,410,180,11097600
95902.65,14664,43381,256,15573,2,410,180,11105536
95928.3,2,94,20,15574,2,32,14,1880
96075.225,11940,53607,320,15575,2,512,224,17154240
96106.5,11801,53272,320,15576,2,512,224,17047040
96116.175,13715,86400,320,15577,2,512,224,27648000
96124.725,13677,61977,320,15578,2,512,224,19832640
96155.775,13539,3566,1500,15579,2,2400,1050,5349000
96168.6,13482,174,1440,15580,2,2304,1008,250560
96223.725,0,13921,200,15581,2,320,140,2784200
96970.275,18496,252600,560,15582,2,896,392,141456000
96972.75,46029,252600,560,15583,2,896,392,141456000
97342.425,1,590,800,15584,2,1280,560,472000
97482.375,1,589,800,15585,2,1280,560,471200
97487.775,0,493,1,15586,2,2,1,493
98096.175,10,78,8,15587,2,13,6,624
98121.6,4,109,8,15588,2,13,6,872
98165.25,0,1545,1,15589,2,2,1,1545
98185.05,2,1061,20,15590,2,32,14,21220
98220.825,5,216,8,15591,2,13,6,1728
98286.75,1,982,8,15592,2,13,6,7856
98534.25,1,222,8,15593,2,13,6,1776
98601.975,1,317,8,15594,2,13,6,2536
98684.325,1,202,8,15595,2,13,6,1616
98750.7,2,339,8,15596,2,13,6,2712
98896.725,2,224,8,15597,2,13,6,1792
98960.85,3,70,8,15598,2,13,6,560
98994.375,0,340,8,15599,2,13,6,2720
99057.825,5,107,32,15600,2,52,23,3424
99094.05,1,55008,32,15601,2,52,23,1760256
99260.1,0,149,12,15602,2,20,9,1788
99289.8,1,4275,12,15603,2,20,9,51300
99511.65,0,3358,12,15604,2,20,9,40296
99803.925,6,47,1,15605,2,2,1,47
99820.125,3,1250,1,15606,3,2,1,1250
99996.3,36,3518,1500,15607,2,2400,1050,5277000
100152.675,8,1288,1,15608,2,2,1,1288
100171.8,1,120,1,15609,2,2,1,120
100221.75,3,89,1,15610,2,2,1,89
100257.3,1,21620,12,15611,2,20,9,259440
100262.475,5,85,1,15612,2,2,1,85
100268.325,6,21608,12,15613,2,20,9,259296
100335.6,0,62228,500,15614,2,800,350,31114000
100337.625,46,55022,500,15615,2,800,350,27511000
100340.775,43,62206,500,15616,2,800,350,31103000
100342.575,2,62206,240,15617,2,384,168,14929440
100343.925,40,62184,240,15618,2,384,168,14924160
100344.825,36,37073,240,15619,2,384,168,8897520
100398.6,0,21659,12,15620,2,20,9,259908
100507.275,10,132,1,15621,2,2,1,132
100539,1,147127,12,15622,2,20,9,1765524
100701.675,1,84,240,15623,2,384,168,20160
100716.975,6,57039,240,15624,2,384,168,13689360
100780.65,68,397,2000,15625,2,3200,1400,794000
100867.725,78,165761,1500,15626,3,2400,1200,248641500
100873.35,35953,118356,1500,15627,2,2400,1050,177534000
113049.9,8,5734,500,15628,2,800,350,2867000
113230.35,1,211792,300,15629,2,480,210,63537600
113247.9,7,81916,300,15630,2,480,210,24574800
113469.975,3,1037,1,15631,2,2,1,1037
113654.475,1,2873,240,15632,2,384,168,689520
113929.65,1810,82808,1500,15633,2,2400,1050,124212000
114078.825,0,100,20,15634,2,32,14,2000
114180.975,0,72,1,15635,2,2,1,72
114249.825,1,1050,1,15636,2,2,1,1050
114269.4,3,96,20,15637,2,32,14,1920
114326.325,3,425,500,15638,2,800,350,212500
114328.575,48,99900,240,15639,2,384,168,23976000
114330.6,50,106491,500,15640,2,800,350,53245500
114332.85,51,99889,240,15641,2,384,168,23973360
114336.225,47,509,500,15642,2,800,350,254500
114340.275,366,65493,240,15643,2,384,168,15718320
114412.95,215,105971,500,15644,2,800,350,52985500
114436.8,1,66,8,15645,2,13,6,528
114451.65,40326,65723,500,15646,2,800,350,32861500
114472.125,5,200,8,15647,2,13,6,1600
114504.075,0,1022,1,15648,2,2,1,1022
114563.475,0,211,8,15649,2,13,6,1688
114600.15,0,119,8,15650,2,13,6,952
114623.1,0,203,8,15651,2,13,6,1624
114694.425,0,207,8,15652,2,13,6,1656
114787.35,0,326,8,15653,2,13,6,2608
114878.7,4,359,8,15654,2,13,6,2872
114933.825,3,2617,200,15655,2,320,140,523400
115518.375,151361,28298,1296,15656,2,2074,908,36674208
115521.975,6,172748,200,15657,2,320,140,34549600
115640.55,8,1046,1,15658,2,2,1,1046
115766.325,0,252000,40,15659,2,64,28,10080000
115773.75,0,252000,40,15660,2,64,28,10080000
115775.775,3,252000,40,15661,2,64,28,10080000
116321.85,1,313,1,15662,2,2,1,313
116538.75,1,362,8,15663,2,13,6,2896
116691.3,6,317,8,15664,2,13,6,2536
116780.85,9,92,20,15665,2,32,14,1840
116855.1,0,89,20,15666,2,32,14,1780
117045,42,18000,238,15667,2,381,167,4284000
117527.175,21533,64644,240,15668,2,384,168,15514560
117587.925,5,137,32,15669,2,52,23,4384
117619.65,1,177,32,15670,2,52,23,5664
117771.75,9,5186,32,15671,2,52,23,165952
117806.85,3830,1048,140,15672,2,224,98,146720
117870.3,3548,1563,140,15673,2,224,98,218820
118089.225,11,108,40,15674,2,64,28,4320
118103.85,3558,3987,140,15675,2,224,98,558180
118161,3819,3472,140,15676,2,224,98,486080
118186.2,4,91,40,15677,2,64,28,3640
118215.675,6,74,40,15678,2,64,28,2960
118239.525,0,73,40,15679,2,64,28,2920
118267.875,1,106,40,15680,2,64,28,4240
118291.95,11,97,40,15681,2,64,28,3880
118316.025,1,111,40,15682,2,64,28,4440
118318.275,2,100,20,15683,2,32,14,2000
118498.05,0,132,20,15684,2,32,14,2640
118516.95,6,73,40,15685,2,64,28,2920
118550.7,2,94,40,15686,2,64,28,3760
118552.05,7,114,20,15687,2,32,14,2280
118562.4,43135,252600,560,15688,2,896,392,141456000
118568.475,17,81,40,15689,2,64,28,3240
118579.275,11,70,20,15690,2,32,14,1400
118620.675,1,89,20,15691,2,32,14,1780
118668.825,10,65,20,15692,2,32,14,1300
118670.4,3,76,20,15693,2,32,14,1520
118699.425,42526,252600,560,15694,2,896,392,141456000
118702.575,7,80,20,15695,2,32,14,1600
118706.85,42493,252600,560,15696,2,896,392,141456000
118712.475,58975,252600,560,15697,2,896,392,141456000
118874.925,4,73,40,15698,2,64,28,2920
118892.475,10,74,40,15699,2,64,28,2960
118925.55,1,108,40,15700,2,64,28,4320
118979.55,4,660,40,15701,2,64,28,26400
119135.475,2960,18000,238,15702,2,381,167,4284000
119139.75,5,859,40,15703,3,64,32,34360
119324.7,67246,1800,5120,15704,3,8192,4096,9216000
119378.025,57495,128,2560,15705,2,4096,1792,327680
119379.15,21217,135,1280,15706,2,2048,896,172800
119380.95,10,236,40,15707,3,64,32,9440
119382.075,57605,374,2560,15708,2,4096,1792,957440
119383.425,58081,155,2560,15709,2,4096,1792,396800
119384.775,233090,1800,5120,15710,3,8192,4096,9216000
119386.35,68894,1800,5120,15711,3,8192,4096,9216000
119387.475,58218,121,2560,15712,2,4096,1792,309760
119388.6,21310,113,1280,15713,2,2048,896,144640
119389.725,16110,111,640,15714,2,1024,448,71040
119412.45,11,95,32,15715,2,52,23,3040
119446.875,0,146,40,15716,2,64,28,5840
119476.8,2,21558,40,15717,2,64,28,862320
119495.025,0,83523,32,15718,2,52,23,2672736
120051.675,4522,5749,140,15719,2,224,98,804860
120055.95,4503,1953,140,15720,2,224,98,273420
120057.075,4498,6855,140,15721,2,224,98,959700
120060.225,4484,5470,140,15722,2,224,98,765800
120061.8,4477,5822,140,15723,2,224,98,815080
120063.375,4470,6762,140,15724,2,224,98,946680
120064.725,4464,6533,140,15725,2,224,98,914620
120075.525,4416,5578,140,15726,2,224,98,780920
120077.1,4409,4352,140,15727,2,224,98,609280
120201.075,3858,3753,140,15728,2,224,98,525420
120204.9,3841,5738,140,15729,2,224,98,803320
120206.475,3834,5470,140,15730,2,224,98,765800
120207.6,3829,4813,140,15731,2,224,98,673820
120209.175,3822,5610,140,15732,2,224,98,785400
120210.525,4102,1616,140,15733,2,224,98,226240
120212.325,4094,5505,140,15734,2,224,98,770700
120217.95,5685,6175,140,15735,2,224,98,864500
120219.525,5729,5693,140,15736,2,224,98,797020
120284.325,7241,3924,140,15737,2,224,98,549360
120288.825,7820,2452,140,15738,2,224,98,343280
120291.3,8270,8893,140,15739,2,224,98,1245020
120292.65,8921,3367,140,15740,2,224,98,471380
120295.125,8910,8805,140,15741,2,224,98,1232700
120297.15,9009,1877,140,15742,2,224,98,262780
120298.05,9037,923,140,15743,2,224,98,129220
120299.175,9160,638,140,15744,2,224,98,89320
120300.75,9164,2897,140,15745,2,224,98,405580
120534.075,8765,45123,240,15746,2,384,168,10829520
120811.725,9,78,1,15747,2,2,1,78
120838.05,1,47,1,15748,2,2,1,47
120874.725,7719,43124,200,15749,2,320,140,8624800
121377.6,62704,161529,4096,15750,2,6554,2868,661622784
121402.35,5052,172800,256,15751,2,410,180,44236800
132308.1,0,83,1,15752,2,2,1,83
132372.45,244,108,200,15753,2,320,140,21600
132484.275,10,79,1,15754,2,2,1,79
132555.375,0,172800,200,15755,2,320,140,34560000
132653.025,0,7636,240,15756,2,384,168,1832640
133431.75,0,114,100,15757,2,160,70,11400
133441.875,9,87,20,15758,2,32,14,1740
133442.1,8,114,40,15759,2,64,28,4560
133442.1,8,114,80,15760,2,128,56,9120
133442.1,8,114,160,15761,2,256,112,18240
133442.325,7,125,320,15762,2,512,224,40000
133442.325,7,125,640,15763,2,1024,448,80000
133445.25,10,82,20,15764,2,32,14,1640
133445.25,10,109,40,15765,2,64,28,4360
133445.475,9,109,80,15766,2,128,56,8720
133445.475,9,109,160,15767,2,256,112,17440
133445.475,9,109,320,15768,2,512,224,34880
133451.1,0,125,20,15769,2,32,14,2500
133452.45,11,108,40,15770,2,64,28,4320
133452.45,11,108,80,15771,2,128,56,8640
133452.45,11,153,160,15772,2,256,112,24480
133452.675,10,108,640,15773,2,1024,448,69120
133452.675,10,153,320,15774,2,512,224,48960
133452.675,86,94,1280,15775,2,2048,896,120320
133456.725,3,226,20,15776,2,32,14,4520
133456.725,3,248,40,15777,2,64,28,9920
133456.725,3,271,80,15778,2,128,56,21680
133456.725,3,271,160,15779,2,256,112,43360
133456.725,3,302,320,15780,2,512,224,96640
133456.95,99,316,640,15781,2,1024,448,202240
133456.95,161,319,1280,15782,2,2048,896,408320
133456.95,107102,136,5120,15783,2,8192,3584,696320
133464.15,8,153,20,15784,2,32,14,3060
133464.15,8,188,40,15785,2,64,28,7520
133464.375,7,188,80,15786,2,128,56,15040
133464.375,23,183,160,15787,2,256,112,29280
133464.375,34,206,320,15788,2,512,224,65920
133464.375,111,218,640,15789,2,1024,448,139520
133464.6,270,111,1280,15790,2,2048,896,142080
133464.6,415,233,2560,15791,3,4096,2048,596480
133464.6,8268,600,5120,15792,2,8192,3584,3072000
133530.75,34,87,360,15793,2,576,252,31320
133629.525,0,106,360,15794,2,576,252,38160
133677.675,1,73,360,15795,2,576,252,26280
133724.25,2,73,360,15796,2,576,252,26280
133826.85,1,48,20,15797,2,32,14,960
133828.2,11,74,40,15798,2,64,28,2960
133828.2,11,74,80,15799,2,128,56,5920
133828.425,10,116,160,15800,2,256,112,18560
133828.425,10,116,320,15801,2,512,224,37120
133828.425,10,116,640,15802,2,1024,448,74240
133828.425,10,116,1280,15803,2,2048,896,148480
133828.65,125,105,2560,15804,2,4096,1792,268800
133828.65,105586,600,5120,15805,2,8192,3584,3072000
133895.925,4,115,360,15806,2,576,252,41400
133932.15,1,105,360,15807,2,576,252,37800
133956,0,277,320,15808,2,512,224,88640
133956,11,297,1280,15809,2,2048,896,380160
133956.225,390,147,2560,15810,2,4096,1792,376320
133958.7,10,103,640,15811,2,1024,448,65920
133958.7,10,134,160,15812,2,256,112,21440
133958.7,234,114,1280,15813,2,2048,896,145920
133958.925,525,93,2560,15814,2,4096,1792,238080
133960.05,4,134,360,15815,2,576,252,48240
133961.175,10,123,40,15816,2,64,28,4920
133961.175,285,83,1280,15817,2,2048,896,106240
133961.175,608,115,2560,15818,2,4096,1792,294400
133963.875,9,202,640,15819,3,1024,512,129280
133964.1,710,93,2560,15820,2,4096,1792,238080
133966.35,79,121,640,15821,2,1024,448,77440
133966.35,793,163,2560,15822,2,4096,1792,417280
133999.425,5,3821,360,15823,2,576,252,1375560
134025.075,1,9125,12,15824,2,20,9,109500
134232.975,0,135,2560,15825,2,4096,1792,345600
134248.275,67,326,2560,15826,3,4096,2048,834560
134335.575,5,226,2560,15827,2,4096,1792,578560
134337.6,222,228,2560,15828,2,4096,1792,583680
134363.7,406,8391,240,15829,2,384,168,2013840
134497.125,11,146,300,15830,2,480,210,43800
134804.025,2,104,480,15831,2,768,336,49920
134841.6,0,116,480,15832,2,768,336,55680
134861.625,5,110,100,15833,2,160,70,11000
134923.05,9,135,480,15834,2,768,336,64800
134960.85,0,107,100,15835,2,160,70,10700
134964,9,8064,480,15836,2,768,336,3870720
134985.825,7,104,100,15837,2,160,70,10400
135013.725,0,154,100,15838,2,160,70,15400
135059.85,1,115,100,15839,2,160,70,11500
135420.525,6,3822,240,15840,2,384,168,917280
135526.5,1,73,40,15841,2,64,28,2920
135558.45,5,73,40,15842,2,64,28,2920
135586.8,5,101,40,15843,3,64,32,4040
135930.6,171413,119,5120,15844,2,8192,3584,609280
135959.175,1434,147,100,15845,3,160,80,14700
136076.625,59850,141,2560,15846,2,4096,1792,360960
136083.6,1028,107,160,15847,2,256,112,17120
136090.575,1,13703,12,15848,2,20,9,164436
136158.075,550,71,20,15849,2,32,14,1420
136329.075,2179,6380,240,15850,2,384,168,1531200
136334.025,2591,5904,240,15851,2,384,168,1416960
136568.025,4,158,100,15852,2,160,70,15800
136623.375,0,116,100,15853,2,160,70,11600
136667.25,1,135,100,15854,2,160,70,13500
136788.75,6,20837,480,15855,2,768,336,10001760
137021.85,5154,100,200,15856,2,320,140,20000
137126.7,6,96,100,15857,2,160,70,9600
137377.125,4,70,20,15858,2,32,14,1400
137426.625,8,111,100,15859,2,160,70,11100
137452.5,4,71,20,15860,2,32,14,1420
137479.275,1,111,100,15861,2,160,70,11100
137482.875,7,89,20,15862,2,32,14,1780
137524.725,3,100,20,15863,2,32,14,2000
137526.75,10,173,100,15864,2,160,70,17300
137549.25,5,151,20,15865,2,32,14,3020
137592.675,5,111,20,15866,2,32,14,2220
137609.1,1,160,100,15867,2,160,70,16000
137699.55,0,68,20,15868,2,32,14,1360
137720.475,0,114,20,15869,2,32,14,2280
137728.8,10,182,100,15870,2,160,70,18200
137742.3,1,206,20,15871,2,32,14,4120
137761.875,3,164,100,15872,2,160,70,16400
137798.325,5,404,60,15873,2,96,42,24240
137855.475,1,165,100,15874,2,160,70,16500
137861.775,1,168,100,15875,2,160,70,16800
137889,6,2069,60,15876,2,96,42,124140
138133.575,6,153,100,15877,2,160,70,15300
138136.95,2,181,100,15878,2,160,70,18100
138141.675,79111,82457,1500,15879,3,2400,1200,123685500
138147.75,87111,74448,1500,15880,3,2400,1200,111672000
138171.375,87006,74419,1500,15881,2,2400,1050,111628500
138205.125,6,131,240,15882,2,384,168,31440
138225.825,45,116,240,15883,2,384,168,27840
138227.85,3,191,100,15884,2,160,70,19100
138231.45,9,138,100,15885,2,160,70,13800
138231.9,60,333,240,15886,2,384,168,79920
138246.075,39,309,240,15887,2,384,168,74160
138255.525,29,1390,240,15888,2,384,168,333600
138285,77,1193,500,15889,2,800,350,596500
138290.175,65,894,500,15890,2,800,350,447000
138301.2,51,4096,500,15891,2,800,350,2048000
138309.975,46,840,240,15892,2,384,168,201600
138315.15,41,4056,240,15893,2,384,168,973440
138356.55,8,135,100,15894,2,160,70,13500
138359.25,7,177,100,15895,2,160,70,17700
138496.05,44,159510,500,15896,2,800,350,79755000
138500.55,39,87170,240,15897,2,384,168,20920800
138545.325,6,1111,60,15898,2,96,42,66660
138559.275,51,103,200,15899,2,320,140,20600
138560.175,2996,156251,500,15900,2,800,350,78125500
138565.8,22,86908,240,15901,2,384,168,20857920
138611.475,0,166,100,15902,2,160,70,16600
138614.625,8,112,100,15903,2,160,70,11200
138691.125,9,115,100,15904,2,160,70,11500
138694.725,4,177,100,15905,2,160,70,17700
138753,0,88492,32,15906,2,52,23,2831744
138812.4,3,159,100,15907,2,160,70,15900
138856.275,9,89552,200,15908,2,320,140,17910400
138929.4,5,1150,60,15909,2,96,42,69000
139011.3,4,168,100,15910,2,160,70,16800
139011.75,2,53,100,15911,2,160,70,5300
139071.15,10,175,100,15912,2,160,70,17500
139074.525,6,164,100,15913,2,160,70,16400
139171.275,0,151,100,15914,2,160,70,15100
139175.1,6,140,100,15915,2,160,70,14000
139205.475,11,31507,12,15916,2,20,9,378084
139220.325,1,216,60,15917,2,96,42,12960
139225.725,45854,110468,500,15918,2,800,350,55234000
139228.2,39,83958,240,15919,2,384,168,20149920
139261.725,0,160,100,15920,2,160,70,16000
139264.425,10,138,100,15921,2,160,70,13800
139285.125,2,366,60,15922,2,96,42,21960
139362.075,4,742,60,15923,2,96,42,44520
139542.075,0,98,640,15924,2,1024,448,62720
139553.325,4,797,60,15925,2,96,42,47820
139558.95,1,292,60,15926,2,96,42,17520
139560.975,3,106,640,15927,2,1024,448,67840
139568.4,1,828,60,15928,2,96,42,49680
139571.55,0,119,640,15929,2,1024,448,76160
139571.775,11,107,640,15930,2,1024,448,68480
139571.775,61,122,640,15931,2,1024,448,78080
139572,117,118,640,15932,2,1024,448,75520
139572.225,116,118,640,15933,2,1024,448,75520
139578.3,324,106,1280,15934,2,2048,896,135680
139578.525,429,106,1280,15935,2,2048,896,135680
139578.75,534,107,1280,15936,2,2048,896,136960
139578.975,640,78,1280,15937,2,2048,896,99840
139579.2,717,107,1280,15938,2,2048,896,136960
139600.8,54,117,320,15939,2,512,224,37440
139601.025,53,117,320,15940,2,512,224,37440
139601.25,105,117,320,15941,2,512,224,37440
139601.475,104,117,320,15942,2,512,224,37440
139601.475,104,117,320,15943,2,512,224,37440
139743.45,94,115,1280,15944,2,2048,896,147200
139743.9,207,137,1280,15945,2,2048,896,175360
139744.575,341,134,1280,15946,2,2048,896,171520
139745.025,473,93,1280,15947,2,2048,896,119040
139745.7,563,123,1280,15948,2,2048,896,157440
139780.8,1,708,60,15949,2,96,42,42480
139809.15,0,35954,80,15950,2,128,56,2876320
139930.875,11,133,320,15951,2,512,224,42560
139931.1,10,133,320,15952,2,512,224,42560
139931.325,9,133,320,15953,2,512,224,42560
139931.325,9,133,320,15954,2,512,224,42560
139931.55,8,133,320,15955,2,512,224,42560
139931.775,7,133,320,15956,2,512,224,42560
140071.5,0,35954,80,15957,2,128,56,2876320
143726.85,0,126,320,15958,2,512,224,40320
143782.2,4,107,320,15959,2,512,224,34240
143806.725,2,132,320,15960,2,512,224,42240
143806.725,2,132,320,15961,2,512,224,42240
143806.95,1,132,320,15962,2,512,224,42240
143806.95,1,132,320,15963,2,512,224,42240
143806.95,1,132,320,15964,2,512,224,42240
143806.95,1,132,320,15965,2,512,224,42240
143806.95,1,132,320,15966,2,512,224,42240
143806.95,133,94,320,15967,2,512,224,30080
143806.95,133,147,320,15968,2,512,224,47040
143807.4,131,94,320,15969,2,512,224,30080
143948.25,4,132,320,15970,2,512,224,42240
143948.25,4,132,320,15971,2,512,224,42240
143948.25,4,132,320,15972,2,512,224,42240
143948.25,4,132,320,15973,2,512,224,42240
143948.25,4,132,320,15974,2,512,224,42240
143948.25,4,132,320,15975,2,512,224,42240
143948.475,3,132,320,15976,2,512,224,42240
143948.475,135,94,320,15977,2,512,224,30080
143948.475,135,94,320,15978,2,512,224,30080
143948.475,135,94,320,15979,2,512,224,30080
143948.475,135,94,320,15980,2,512,224,30080
143948.475,135,94,320,15981,2,512,224,30080
143948.475,135,136,320,15982,2,512,224,43520
143948.7,134,94,320,15983,2,512,224,30080
143948.7,228,133,320,15984,2,512,224,42560
143948.7,228,133,320,15985,2,512,224,42560
143948.7,228,133,320,15986,2,512,224,42560
143948.7,228,133,320,15987,2,512,224,42560
143948.7,228,133,320,15988,2,512,224,42560
143948.7,228,133,320,15989,2,512,224,42560
152367.075,0,144,1,15990,2,2,1,144
152444.25,0,36,1,15991,2,2,1,36
152454.15,4,73,320,15992,2,512,224,23360
152500.95,4,145,320,15993,2,512,224,46400
152522.1,0,118,320,15994,2,512,224,37760
152522.325,11,128,320,15995,2,512,224,40960
152522.325,11,159,320,15996,2,512,224,50880
152522.325,11,159,320,15997,2,512,224,50880
152522.325,11,159,320,15998,2,512,224,50880
152522.325,11,159,320,15999,2,512,224,50880
152522.55,10,128,320,16000,2,512,224,40960
152522.55,10,159,320,16001,2,512,224,50880
152522.55,10,159,320,16002,2,512,224,50880
152522.775,9,159,320,16003,2,512,224,50880
152522.775,9,159,320,16004,2,512,224,50880
152522.775,9,159,320,16005,2,512,224,50880
152522.775,9,159,320,16006,2,512,224,50880
152523,51,116,320,16007,2,512,224,37120
152523,114,131,320,16008,2,512,224,41920
152523,136,140,320,16009,2,512,224,44800
152523,136,140,320,16010,2,512,224,44800
152523.225,166,162,320,16011,2,512,224,51840
152523.225,166,162,320,16012,2,512,224,51840
152523.225,166,162,320,16013,2,512,224,51840
152877.15,0,90,1,16014,2,2,1,90
152953.2,11,95,80,16015,2,128,56,7600
152976.825,1,362,1,16016,2,2,1,362
152978.175,11,104,80,16017,2,128,56,8320
153130.725,0,5034,80,16018,2,128,56,402720
153162.675,4,4861,80,16019,2,128,56,388880
153387.225,1,183,100,16020,2,160,70,18300
153391.05,6,161,100,16021,2,160,70,16100
153438.75,1,150,100,16022,2,160,70,15000
153441.9,9,160,100,16023,2,160,70,16000
153495.675,3,324,1,16024,2,2,1,324
153533.025,1,148,100,16025,2,160,70,14800
153536.4,8,169,100,16026,2,160,70,16900
153669.6,10,93,480,16027,2,768,336,44640
153770.625,6,103,100,16028,2,160,70,10300
153775.575,6,112,100,16029,2,160,70,11200
153837.9,7,137,100,16030,2,160,70,13700
153840.6,6,126,100,16031,2,160,70,12600
153870.3,11,44670,480,16032,2,768,336,21441600
153903.825,1,142,100,16033,2,160,70,14200
153907.425,0,127,100,16034,3,160,80,12700
153982.125,81245,129644,2000,16035,2,3200,1400,259288000
154001.25,0,109,100,16036,2,160,70,10900
154005.075,6,117,100,16037,2,160,70,11700
154057.275,0,1517,20,16038,2,32,14,30340
154065.6,0,115,100,16039,2,160,70,11500
154068.975,7,112,100,16040,2,160,70,11200
154081.8,0,104,500,16041,2,800,350,52000
154108.575,0,126,500,16042,2,800,350,63000
154123.875,6,136,100,16043,2,160,70,13600
154127.025,3,125,100,16044,2,160,70,12500
154224.45,0,124,100,16045,2,160,70,12400
154227.6,9,112,100,16046,2,160,70,11200
154252.125,1,302,80,16047,2,128,56,24160
154258.2,7,185,80,16048,2,128,56,14800
154263.375,11,112,100,16049,2,160,70,11200
154293.075,2,107,100,16050,2,160,70,10700
154298.7,0,169,80,16051,2,128,56,13520
154317.6,0,171,80,16052,2,128,56,13680
154340.325,6,147,100,16053,2,160,70,14700
154341.675,11,117,80,16054,2,128,56,9360
154345.5,5,136,100,16055,2,160,70,13600
154385.325,6,7378,80,16056,2,128,56,590240
154389.6,9,7323,80,16057,2,128,56,585840
154405.35,1,188,100,16058,2,160,70,18800
154408.05,11,166,100,16059,2,160,70,16600
155267.55,0,333,1,16060,2,2,1,333
155414.7,0,59,20,16061,2,32,14,1180
155432.7,1,8434,20,16062,2,32,14,168680
155512.8,2,337,1,16063,2,2,1,337
155628,1,161,100,16064,2,160,70,16100
155630.925,10,139,100,16065,2,160,70,13900
155740.725,1,147,100,16066,2,160,70,14700
155744.325,0,163,100,16067,2,160,70,16300
155814.075,0,327,1,16068,2,2,1,327
155870.325,0,150,100,16069,2,160,70,15000
155873.475,9,159,100,16070,2,160,70,15900
155966.85,0,673,1,16071,2,2,1,673
156034.125,8,21225,100,16072,2,160,70,2122500
156039.525,10,99,100,16073,2,160,70,9900
156078.225,10,21752,100,16074,2,160,70,2175200
156475.575,8,135,300,16075,2,480,210,40500
156572.1,4,84529,300,16076,2,480,210,25358700
156634.65,1,2039,1,16077,2,2,1,2039
156707.1,5,135,100,16078,2,160,70,13500
156756.825,3,160,100,16079,2,160,70,16000
156761.1,6,170,100,16080,2,160,70,17000
156811.275,0,140,100,16081,2,160,70,14000
156824.1,0,51,100,16082,2,160,70,5100
156828.6,3,179,100,16083,2,160,70,17900
156842.1,3,172,100,16084,2,160,70,17200
156857.4,1,177,100,16085,2,160,70,17700
156870.9,5,177,100,16086,2,160,70,17700
156885.3,0,171,100,16087,2,160,70,17100
156898.8,5,171,100,16088,2,160,70,17100
156913.2,5,167,100,16089,2,160,70,16700
156926.475,0,180,100,16090,2,160,70,18000
156938.85,9,85,100,16091,2,160,70,8500
156953.7,3,140,100,16092,2,160,70,14000
156968.775,3,166,100,16093,2,160,70,16600
157105.35,1,338,1,16094,2,2,1,338
157369.5,4,63,20,16095,2,32,14,1260
157420.35,7,26267,20,16096,2,32,14,525340
157611.6,0,144,100,16097,2,160,70,14400
157624.875,0,167,100,16098,2,160,70,16700
157634.775,10,148,100,16099,2,160,70,14800
157649.85,0,186,100,16100,2,160,70,18600
157659.75,1,141,100,16101,2,160,70,14100
157671.45,6,137,100,16102,2,160,70,13700
157682.925,8,137,100,16103,2,160,70,13700
157694.85,8,161,100,16104,2,160,70,16100
157706.325,10,163,100,16105,2,160,70,16300
157718.925,7,155,100,16106,2,160,70,15500
157729.05,6,165,100,16107,2,160,70,16500
157740.75,9,150,100,16108,2,160,70,15000
157743.9,6,170,100,16109,2,160,70,17000
157749.525,80,5128,32,16110,2,52,23,164096
157751.55,1085,3928,32,16111,2,52,23,125696
157788.9,0,73618,12,16112,2,20,9,883416
157846.5,0,149,100,16113,2,160,70,14900
157849.875,8,157,100,16114,2,160,70,15700
157862.7,77,157,100,16115,2,160,70,15700
157889.925,1,156,100,16116,2,160,70,15600
157899.375,1,73706,12,16117,2,20,9,884472
157900.725,65,152,100,16118,2,160,70,15200
157949.325,1,97,160,16119,2,256,112,15520
157957.65,61,88,160,16120,2,256,112,14080
157995.9,10,126,100,16121,2,160,70,12600
157998.6,9,115,2,16122,2,4,2,230
158006.475,89,180,100,16123,2,160,70,18000
158014.35,1,121,2,16124,2,4,2,242
158014.8,10,110,2,16125,2,4,2,220
158015.025,51,121,2,16126,2,4,2,242
158044.725,40,157,100,16127,2,160,70,15700
158069.925,1,159,100,16128,2,160,70,15900
158093.775,0,150,100,16129,2,160,70,15000
158104.575,6,159,100,16130,2,160,70,15900
158119.875,12,169,100,16131,2,160,70,16900
158123.925,5,105,160,16132,2,256,112,16800
158131.35,5,125,160,16133,2,256,112,20000
158131.575,4,125,160,16134,2,256,112,20000
158132.925,9,167,100,16135,2,160,70,16700
158162.625,2,172800,500,16136,2,800,350,86400000
158409.9,0,349,1,16137,2,2,1,349
158508.675,3,338,1,16138,2,2,1,338
158661,0,156,100,16139,2,160,70,15600
158671.575,7,91,100,16140,2,160,70,9100
158676.975,1,252,200,16141,2,320,140,50400
158693.85,10,369,100,16142,2,160,70,36900
158706.675,0,375,100,16143,2,160,70,37500
158721.75,54,368,100,16144,2,160,70,36800
158780.7,4,382,100,16145,2,160,70,38200
158790.825,1,340,100,16146,2,160,70,34000
158808.375,0,366,100,16147,2,160,70,36600
158816.475,1,360,1,16148,2,2,1,360
158822.1,3,374,100,16149,2,160,70,37400
158852.025,69,175,100,16150,2,160,70,17500
158857.425,45,362,100,16151,2,160,70,36200
158879.925,9,362,100,16152,2,160,70,36200
158899.05,5,358,100,16153,2,160,70,35800
158908.5,4,99,100,16154,2,160,70,9900
158939.1,9,99,100,16155,2,160,70,9900
158946.075,2,375,100,16156,2,160,70,37500
158956.425,9,368,100,16157,2,160,70,36800
158958.45,11,88,100,16158,2,160,70,8800
158960.475,2,390,100,16159,2,160,70,39000
158980.95,11,268,100,16160,2,160,70,26800
159003.675,1,84885,20,16161,2,32,14,1697700
159046.2,11,93,100,16162,2,160,70,9300
159071.85,1,62269,240,16163,2,384,168,14944560
159072.75,8,7385,100,16164,2,160,70,738500
159075.45,7,62258,240,16165,2,384,168,14941920
159080.175,0,62233,240,16166,2,384,168,14935920
159330.825,4,159,1,16167,2,2,1,159
159537.15,2,259200,32,16168,2,52,23,8294400
159948,0,42465,576,16169,2,922,404,24459840
159971.4,3175,42434,576,16170,2,922,404,24441984
160525.125,109340,241817,2000,16171,3,3200,1600,483634000
160627.95,125415,259200,2000,16172,2,3200,1400,518400000
160671.825,181157,216097,2000,16173,3,3200,1600,432194000
160703.1,199687,197428,2000,16174,2,3200,1400,394856000
161132.625,2,104,320,16175,2,512,224,33280
161343,6,135,320,16176,2,512,224,43200
161416.8,10,130,320,16177,2,512,224,41600
161448.075,1,126,320,16178,2,512,224,40320
161484.525,7,125,320,16179,2,512,224,40000
161503.875,0,150,320,16180,2,512,224,48000
161590.725,0,147,320,16181,2,512,224,47040
161651.025,3,146,320,16182,2,512,224,46720
161748.675,3,127,320,16183,2,512,224,40640
162022.5,0,138,320,16184,2,512,224,44160
162040.5,5,211182,300,16185,2,480,210,63354600
162063.9,0,125,320,16186,2,512,224,40000
162193.5,1,146,320,16187,2,512,224,46720
162245.25,0,147,320,16188,2,512,224,47040
162951.3,6,75,320,16189,2,512,224,24000
162963.225,6,115,320,16190,2,512,224,36800
162996.525,1,146,320,16191,2,512,224,46720
163050.75,10,600,320,16192,2,512,224,192000
163386.45,0,600,320,16193,2,512,224,192000
170799.525,0,43380,256,16194,2,410,180,11105280
170808.75,2,42399,576,16195,2,922,404,24421824
170812.125,9,42496,576,16196,2,922,404,24477696
170825.175,0,350,1,16197,2,2,1,350
170918.55,8,140,1,16198,2,2,1,140
170973.9,6,109,1,16199,2,2,1,109
171027,3569,42439,576,16200,2,922,404,24444864
171031.725,1,135,1,16201,2,2,1,135
171036.45,3527,42439,576,16202,2,922,404,24444864
171070.425,6,109,1,16203,2,2,1,109
171460.35,4,562,1,16204,2,2,1,562
171590.4,1,3618,240,16205,2,384,168,868320
171722.7,1,151,1,16206,2,2,1,151
172105.65,0,26022,1,16207,2,2,1,26022
172149.975,6,12265,40,16208,2,64,28,490600
172260.45,8,130,1,16209,2,2,1,130
172333.125,1,78,1,16210,2,2,1,78
172403.325,6,115,160,16211,2,256,112,18400
172436.625,4,17216,240,16212,2,384,168,4131840
172450.8,4249,124,2560,16213,2,4096,1792,317440
172492.65,5,106,1,16214,2,2,1,106
172545.525,3952,110,2560,16215,2,4096,1792,281600
172562.85,8,140,1,16216,2,2,1,140
172600.875,1,78,1,16217,2,2,1,78
172701,1,78,1,16218,2,2,1,78
172779.075,2,9786,100,16219,2,160,70,978600
172801.8,5,103,1,16220,2,2,1,103
172912.05,1,89,1,16221,2,2,1,89
172945.125,5,73,400,16222,2,640,280,29200
172968.975,0,79,1,16223,2,2,1,79
172995.525,3,80,1,16224,2,2,1,80
173002.725,0,83,1,16225,2,2,1,83
173026.125,0,1692,200,16226,2,320,140,338400
173027.925,4,1680,200,16227,2,320,140,336000
173128.275,5,239,200,16228,2,320,140,47800
173615.85,9,5058,2,16229,2,4,2,10116
173852.325,3,3942,10,16230,2,16,7,39420
173899.125,8,3800,100,16231,3,160,80,380000
173943.9,6,95,2560,16232,2,4096,1792,243200
173955.6,7,53,100,16233,2,160,70,5300
174003.525,1,239,200,16234,2,320,140,47800
174205.8,3,238,200,16235,2,320,140,47600
174294.9,11,235,200,16236,2,320,140,47000
174381.3,42,1004,500,16237,2,800,350,502000
174384.675,49,1004,500,16238,2,800,350,502000
174387.825,46,1015,500,16239,2,800,350,507500
174394.35,6,66,240,16240,2,384,168,15840
174401.325,403,565,500,16241,2,800,350,282500
174404.475,400,576,500,16242,2,800,350,288000
174409.65,377,598,500,16243,2,800,350,299000
174412.575,2,78,1,16244,2,2,1,78
174453.075,4,89,1,16245,2,2,1,89
174481.65,194,236,1500,16246,2,2400,1050,354000
174483.675,185,225,1500,16247,2,2400,1050,337500
174489.3,160,247,1500,16248,2,2400,1050,370500
174508.2,1,232,200,16249,2,320,140,46400
174510.675,1,259133,12,16250,2,20,9,3109596
174526.425,7,1365,200,16251,2,320,140,273000
174565.8,45,213822,1500,16252,2,2400,1050,320733000
174567.825,47,219720,1500,16253,3,2400,1200,329580000
174569.85,49,207385,1500,16254,2,2400,1050,311077500
174606.525,0,259200,500,16255,2,800,350,129600000
174609,34,157105,500,16256,2,800,350,78552500
174611.025,36,259200,500,16257,2,800,350,129600000
174614.4,32,135587,500,16258,2,800,350,67793500
174616.425,34,259200,500,16259,2,800,350,129600000
174618.9,34,161863,500,16260,2,800,350,80931500
174645,2,3302,100,16261,2,160,70,330200
174664.125,4,2975,100,16262,2,160,70,297500
174681.225,1,2964,100,16263,2,160,70,296400
174692.475,4,2974,100,16264,2,160,70,297400
174704.4,4,167772,32,16265,2,52,23,5368704
174708,10,86,100,16266,2,160,70,8600
174724.425,10,2983,100,16267,2,160,70,298300
174743.775,0,2980,100,16268,2,160,70,298000
174761.1,1,2975,100,16269,2,160,70,297500
174768.525,0,3693,100,16270,2,160,70,369300
174772.35,6,2973,100,16271,2,160,70,297300
174784.95,3,2973,100,16272,2,160,70,297300
174788.775,8,3832,20,16273,2,32,14,76640
174813.525,0,2970,100,16274,2,160,70,297000
174823.65,388,3027,100,16275,2,160,70,302700
174852.675,2423,252,200,16276,3,320,160,50400
174895.65,24356,220169,1500,16277,2,2400,1050,330253500
174905.775,2187,18430,100,16278,2,160,70,1843000
174907.125,6,119,80,16279,2,128,56,9520
174925.575,43,3023,100,16280,2,160,70,302300
174951.45,133,3026,100,16281,2,160,70,302600
174951.675,11,110,1,16282,2,2,1,110
174966.75,2062,14374,240,16283,2,384,168,3449760
175027.05,0,113,1,16284,2,2,1,113
175041.675,1,59,1,16285,2,2,1,59
175054.95,1,98,20,16286,2,32,14,1960
175063.95,1,104,1,16287,2,2,1,104
175108.5,11,600,20,16288,2,32,14,12000
175163.4,1,78,1,16289,2,2,1,78
175183.875,731,220,200,16290,2,320,140,44000
175192.65,4,101,1,16291,2,2,1,101
175256.55,11,116,1,16292,2,2,1,116
175274.325,0,48,1,16293,2,2,1,48
175286.25,454,241,200,16294,2,320,140,48200
175480.425,6,104,200,16295,2,320,140,20800
175553.775,1,127,200,16296,2,320,140,25400
175579.875,0,118,200,16297,2,320,140,23600
175612.725,0,116,200,16298,2,320,140,23200
175685.175,0,116,200,16299,2,320,140,23200
175734,3,51,200,16300,2,320,140,10200
175739.175,2,259154,200,16301,2,320,140,51830800
176396.4,0,3760,640,16302,2,1024,448,2406400
176521.5,0,600,20,16303,2,32,14,12000
176545.8,0,95,1,16304,2,2,1,95
176555.25,6,47,1,16305,2,2,1,47
176566.275,4,166,120,16306,2,192,84,19920
176605.425,7,89,1,16307,2,2,1,89
176675.175,9,189,120,16308,2,192,84,22680
176698.575,9,3802,400,16309,2,640,280,1520800
176758.2,1,600,20,16310,2,32,14,12000
176913,1550,3781,1000,16311,2,1600,700,3781000
176937.525,10,78,20,16312,2,32,14,1560
176980.725,0,46,20,16313,2,32,14,920
177009.525,0,95,20,16314,2,32,14,1900
177030.9,11,496,48,16315,2,77,34,23808
177037.425,1,95,20,16316,2,32,14,1900
177088.725,3,111,20,16317,2,32,14,2220
177110.1,8,147,320,16318,2,512,224,47040
177126.075,0,162,48,16319,2,77,34,7776
177127.425,11,173,48,16320,2,77,34,8304
177127.425,11,189,48,16321,2,77,34,9072
177127.425,11,189,48,16322,2,77,34,9072
177127.65,10,189,48,16323,2,77,34,9072
177127.65,10,215,48,16324,2,77,34,10320
177127.65,10,215,48,16325,2,77,34,10320
177127.875,9,215,48,16326,2,77,34,10320
177127.875,9,215,48,16327,2,77,34,10320
177127.875,9,236,48,16328,2,77,34,11328
177127.875,9,236,48,16329,2,77,34,11328
177128.1,8,236,48,16330,2,77,34,11328
177128.1,75,169,48,16331,2,77,34,8112
177128.1,153,145,48,16332,2,77,34,6960
177128.1,181,149,48,16333,2,77,34,7152
177128.325,222,196,48,16334,2,77,34,9408
177128.55,221,196,48,16335,2,77,34,9408
177144.075,4,148,320,16336,2,512,224,47360
177171.525,30,196,320,16337,2,512,224,62720
177205.725,7,531,48,16338,2,77,34,25488
177205.725,7,542,48,16339,2,77,34,26016
177205.725,7,564,48,16340,2,77,34,27072
177205.95,6,542,48,16341,2,77,34,26016
177205.95,6,553,48,16342,2,77,34,26544
177205.95,6,553,48,16343,2,77,34,26544
177205.95,6,553,48,16344,2,77,34,26544
177205.95,6,553,48,16345,2,77,34,26544
177205.95,6,564,48,16346,2,77,34,27072
177206.175,5,553,48,16347,2,77,34,26544
177206.175,5,564,48,16348,2,77,34,27072
177206.175,72,528,48,16349,2,77,34,25344
177206.175,72,528,48,16350,2,77,34,25344
177224.625,11,154,320,16351,2,512,224,49280
177279.3,1,465,20,16352,2,32,14,9300
177280.65,11,461,20,16353,2,32,14,9220
177280.65,11,514,20,16354,2,32,14,10280
177280.875,10,483,20,16355,2,32,14,9660
177280.875,10,514,20,16356,2,32,14,10280
177280.875,10,514,20,16357,2,32,14,10280
177280.875,10,556,20,16358,2,32,14,11120
177519.375,0,79,1,16359,2,2,1,79
177560.325,1,47,1,16360,2,2,1,47
177584.175,1,120,120,16361,2,192,84,14400
177600.825,11,326,1,16362,2,2,1,326
177726.375,1,113,1,16363,2,2,1,113
177742.35,1,181,320,16364,2,512,224,57920
177796.35,4,78,1,16365,2,2,1,78
177825.825,4,21031,100,16366,2,160,70,2103100
177871.275,10,109,1,16367,2,2,1,109
177910.425,1,600,320,16368,2,512,224,192000
178052.85,2,3085,40,16369,2,64,28,123400
178228.35,0,78,1,16370,2,2,1,78
178254.9,2,47,1,16371,2,2,1,47
178277.4,2,195,120,16372,2,192,84,23400
178501.05,0,79,1,16373,2,2,1,79
178564.725,4,78,1,16374,2,2,1,78
178694.1,5,359,640,16375,2,1024,448,229760
178716.825,3,78,1,16376,2,2,1,78
178758.675,0,77,1,16377,2,2,1,77
178760.025,11,128,640,16378,2,1024,448,81920
178760.25,70,124,640,16379,2,1024,448,79360
178760.7,136,141,640,16380,2,1024,448,90240
178779.15,0,147,120,16381,2,192,84,17640
178803.9,0,85,1,16382,2,2,1,85
178812.225,0,102,1,16383,2,2,1,102
178825.275,1,74,1,16384,2,2,1,74
178830.225,6,78,1,16385,2,2,1,78
178854.525,0,98,640,16386,2,1024,448,62720
178857.9,8,466,200,16387,2,320,140,93200
178861.05,5,130,200,16388,2,320,140,26000
178866.675,44,97,640,16389,2,1024,448,62080
178867.125,139,139,640,16390,2,1024,448,88960
178867.575,276,124,640,16391,2,1024,448,79360
178868.025,398,151,640,16392,2,1024,448,96640
178898.175,1,47,1,16393,2,2,1,47
178915.05,0,154,200,16394,2,320,140,30800
178917.3,210,120,640,16395,2,1024,448,76800
178917.975,327,126,640,16396,2,1024,448,80640
178918.2,326,126,640,16397,2,1024,448,80640
178918.425,451,96,640,16398,2,1024,448,61440
178918.65,450,96,640,16399,2,1024,448,61440
178939.125,11,233,1,16400,2,2,1,233
179082.225,5,106,640,16401,2,1024,448,67840
179082.45,4,137,640,16402,2,1024,448,87680
179082.675,109,130,640,16403,2,1024,448,83200
179082.9,139,99,640,16404,2,1024,448,63360
179083.125,237,129,640,16405,2,1024,448,82560
179436.6,6,1320,320,16406,2,512,224,422400
179698.5,1,119,640,16407,2,1024,448,76160
179710.2,68,123,640,16408,2,1024,448,78720
179710.425,109,123,640,16409,2,1024,448,78720
179710.65,189,110,640,16410,2,1024,448,70400
179711.1,229,119,640,16411,2,1024,448,76160
179774.1,17,313,640,16412,2,1024,448,200320
179774.325,67,304,640,16413,2,1024,448,194560
179774.775,327,315,640,16414,2,1024,448,201600
179775,368,315,640,16415,2,1024,448,201600
179775.225,640,270,640,16416,2,1024,448,172800
180044.55,3,354,640,16417,2,1024,448,226560
180044.775,2,312,640,16418,2,1024,448,199680
180045,313,321,640,16419,2,1024,448,205440
180048.6,339,321,640,16420,2,1024,448,205440
180048.825,617,343,640,16421,2,1024,448,219520
180049.275,657,374,640,16422,2,1024,448,239360
180523.8,4,1281,320,16423,2,512,224,409920
180863.1,6,187,320,16424,2,512,224,59840
180932.4,0,291,320,16425,2,512,224,93120
180981.9,0,60,320,16426,2,512,224,19200
181002.375,0,1469,320,16427,2,512,224,470080
181087.2,7,144,320,16428,2,512,224,46080
181087.425,6,144,320,16429,2,512,224,46080
181087.65,5,144,320,16430,2,512,224,46080
181087.875,4,144,320,16431,2,512,224,46080
181087.875,4,144,320,16432,2,512,224,46080
181120.95,1,137,320,16433,2,512,224,43840
181121.175,11,157,320,16434,2,512,224,50240
181121.4,10,157,320,16435,2,512,224,50240
181121.625,9,157,320,16436,2,512,224,50240
181121.85,8,157,320,16437,2,512,224,50240
181319.4,1,59,320,16438,2,512,224,18880
181335.375,11,1860,320,16439,2,512,224,595200
181906.875,5,4639,320,16440,2,512,224,1484480
183111.75,0,2277,320,16441,2,512,224,728640
191731.725,7,2721,320,16442,2,512,224,870720
192509.775,0,198,320,16443,2,512,224,63360
192584.925,10,2662,320,16444,2,512,224,851840
193214.475,10,2019,320,16445,2,512,224,646080
193413.6,6,42429,576,16446,2,922,404,24439104
193416.075,6,42418,576,16447,2,922,404,24432768
193419,11844,42439,576,16448,2,922,404,24444864
193422.375,11829,42439,576,16449,2,922,404,24444864
193550.4,11260,42439,576,16450,2,922,404,24444864
193664.025,31,1502,320,16451,2,512,224,480640
194535.9,0,25881,1,16452,2,2,1,25881
196212.375,6,117,80,16453,2,128,56,9360
196318.575,3,115,80,16454,2,128,56,9200
196354.575,0,131,80,16455,2,128,56,10480
196376.85,1,149,80,16456,2,128,56,11920
196430.4,5,1441,80,16457,2,128,56,115280
196742.025,2,133,80,16458,2,128,56,10640
196822.575,5,699,80,16459,2,128,56,55920
196825.95,1,132,1,16460,2,2,1,132
196870.95,6,89,1,16461,2,2,1,89
196975.8,7,89,1,16462,2,2,1,89
197001.45,0,100,1,16463,2,2,1,100
197013.15,6,804,80,16464,2,128,56,64320
197044.425,6,653,80,16465,2,128,56,52240
197158.95,0,90,1,16466,2,2,1,90
197187.75,4,61,1,16467,2,2,1,61
197203.05,8,67,1,16468,2,2,1,67
197247.825,0,198,320,16469,2,512,224,63360
197256.375,5,93,1,16470,2,2,1,93
197295.075,10,67,1,16471,2,2,1,67
197325.675,1,62332,320,16472,2,512,224,19946240
197416.575,3,89,1,16473,2,2,1,89
197436.15,5,89,1,16474,2,2,1,89
197471.475,10,76,1,16475,2,2,1,76
197487,0,90,1,16476,2,2,1,90
197538.975,0,96,1,16477,2,2,1,96
197587.125,6,95,1,16478,2,2,1,95
197626.95,1,89,1,16479,2,2,1,89
197647.65,9,109,1,16480,2,2,1,109
197804.25,0,89,1,16481,2,2,1,89
197851.725,2,94,1,16482,2,2,1,94
197906.175,1,95,1,16483,2,2,1,95
197979.075,0,94,1,16484,2,2,1,94
197999.775,2,90,1,16485,2,2,1,90
198087.3,1,94,1,16486,2,2,1,94
198170.1,6,89,1,16487,2,2,1,89
198228.825,0,95,1,16488,2,2,1,95
198260.55,0,95,1,16489,2,2,1,95
198301.95,4,94,1,16490,2,2,1,94
198324.45,9,67,1,16491,2,2,1,67
198370.8,5,94,1,16492,2,2,1,94
198475.875,4,94,1,16493,2,2,1,94
198486.9,2,94,1,16494,2,2,1,94
198511.425,0,95,1,16495,2,2,1,95
198540.45,8,67,1,16496,2,2,1,67
210583.35,5,14360,1,16497,2,2,1,14360
210602.25,10,14689,1,16498,2,2,1,14689
210637.125,1,14980,1,16499,2,2,1,14980
212474.7,1,118,80,16500,2,128,56,9440
212504.4,0,769,80,16501,2,128,56,61520
212674.95,0,701,80,16502,2,128,56,56080
212697.675,3,608,80,16503,2,128,56,48640
212834.475,3,833,80,16504,2,128,56,66640
212845.725,6,792,80,16505,2,128,56,63360
213039.9,8,893,80,16506,2,128,56,71440
213055.875,10,809,80,16507,2,128,56,64720
213531.3,1,71,80,16508,2,128,56,5680
213547.5,11,1800,80,16509,2,128,56,144000
213549.75,1,1800,80,16510,2,128,56,144000
214165.575,3,69977,1500,16511,3,2400,1200,104965500
214194.825,1,69947,1500,16512,2,2400,1050,104920500
214206.975,31269,38550,1500,16513,2,2400,1050,57825000
214770.6,0,851,80,16514,2,128,56,68080
214964.775,0,747,80,16515,2,128,56,59760
215132.4,2,848,80,16516,2,128,56,67840
215331.525,1,724,80,16517,2,128,56,57920
215502.3,0,810,80,16518,2,128,56,64800
215685.675,7,874,80,16519,2,128,56,69920
215706.825,6,759,80,16520,2,128,56,60720
215876.25,0,1011,80,16521,2,128,56,80880
216857.025,1,117,1,16522,2,2,1,117
216872.1,1,115,1,16523,2,2,1,115
216887.85,10,107,1,16524,2,2,1,107
216903.375,0,95,1,16525,2,2,1,95
216950.625,0,128,1,16526,2,2,1,128
216965.025,0,137,1,16527,2,2,1,137
219265.2,5,73,320,16528,2,512,224,23360
219714.975,4,55996,320,16529,2,512,224,17918720
228849.75,1,42420,576,16530,2,922,404,24433920
229173.3,0,43383,256,16531,2,410,180,11106048
229501.35,2,100,1,16532,2,2,1,100
229513.725,5,431,200,16533,2,320,140,86200
229530.825,2,168,200,16534,2,320,140,33600
229558.5,11,80,1,16535,2,2,1,80
229622.175,0,124,1,16536,2,2,1,124
229687.425,0,48,1,16537,2,2,1,48
229723.875,1,90355,500,16538,2,800,350,45177500
229902.075,6,218,1500,16539,2,2400,1050,327000
229904.55,29,67,1500,16540,2,2400,1050,100500
229906.575,32,212,1500,16541,2,2400,1050,318000
229920.525,3,161,1500,16542,2,2400,1050,241500
229942.125,2,1487,1500,16543,3,2400,1200,2230500
229946.625,4,1490,1500,16544,2,2400,1050,2235000
229952.25,1,1489,1500,16545,3,2400,1200,2233500
230172.975,2,19677,1500,16546,3,2400,1200,29515500
230267.25,8,10294,1500,16547,2,2400,1050,15441000
230271.975,23,10107,1500,16548,3,2400,1200,15160500
230276.925,26,10271,1500,16549,2,2400,1050,15406500
230539.275,1,6016,40,16550,2,64,28,240640
230625.9,1,351,1,16551,2,2,1,351
230843.475,1,6648,1500,16552,2,2400,1050,9972000
231703.425,7,104,480,16553,2,768,336,49920
231727.275,5,118,480,16554,2,768,336,56640
231765.975,0,8750,480,16555,2,768,336,4200000
232196.85,7,135,640,16556,2,1024,448,86400
232350.975,0,8049,1500,16557,2,2400,1050,12073500
232373.025,0,23104,240,16558,2,384,168,5544960
232429.5,1,31381,1000,16559,2,1600,700,31381000
232520.175,0,22450,240,16560,3,384,192,5388000
232541.55,43,12488,1500,16561,2,2400,1050,18732000
232573.275,6,60,500,16562,2,800,350,30000
232621.65,11,5780,320,16563,2,512,224,1849600
233078.625,0,28539,1000,16564,2,1600,700,28539000
233273.925,3,120,1000,16565,2,1600,700,120000
233330.85,5,27413,1000,16566,2,1600,700,27413000
233445.15,3,73802,1000,16567,2,1600,700,73802000
233741.475,1,72499,2000,16568,2,3200,1400,144998000
233920.8,6,242,320,16569,2,512,224,77440
233984.7,11,10655,320,16570,2,512,224,3409600
234152.1,44,1849,1500,16571,2,2400,1050,2773500
234355.05,0,64,1,16572,2,2,1,64
234399.375,2,78,1,16573,2,2,1,78
234420.75,0,70,1,16574,2,2,1,70
234427.95,0,51,1,16575,2,2,1,51
234439.2,1,67,1,16576,2,2,1,67
234454.5,0,58,1,16577,2,2,1,58
234467.325,1,62,1,16578,2,2,1,62
234474.525,10,80,1,16579,2,2,1,80
234476.1,3,80,1,16580,2,2,1,80
234526.95,0,55,1,16581,2,2,1,55
234528.975,8,69,1,16582,2,2,1,69
234547.875,4,119,320,16583,2,512,224,38080
234567.225,278,2251,1500,16584,2,2400,1050,3376500
234575.325,1,112,320,16585,2,512,224,35840
234575.55,11,155,320,16586,2,512,224,49600
234575.775,10,124,320,16587,2,512,224,39680
234575.775,10,124,320,16588,2,512,224,39680
234575.775,10,124,320,16589,2,512,224,39680
234575.775,10,155,320,16590,2,512,224,49600
234576,9,124,320,16591,2,512,224,39680
234576,110,118,320,16592,2,512,224,37760
234576,110,118,320,16593,2,512,224,37760
234576,110,118,320,16594,2,512,224,37760
234576,110,129,320,16595,2,512,224,41280
234576.225,109,118,320,16596,2,512,224,37760
234576.225,109,118,320,16597,2,512,224,37760
234576.225,132,137,320,16598,2,512,224,43840
234576.225,132,137,320,16599,2,512,224,43840
234576.45,131,137,320,16600,2,512,224,43840
234576.45,131,137,320,16601,2,512,224,43840
234576.45,162,139,320,16602,2,512,224,44480
234576.45,162,139,320,16603,2,512,224,44480
234576.675,225,128,320,16604,3,512,256,40960
234591.3,235,3175,1500,16605,2,2400,1050,4762500
234642.825,6,20973,480,16606,2,768,336,10067040
234664.875,3,68381,32,16607,2,52,23,2188192
234887.175,0,116,320,16608,2,512,224,37120
234942.975,3,73,320,16609,2,512,224,23360
234978.525,2,140,320,16610,3,512,256,44800
235125,50,8967,1500,16611,2,2400,1050,13450500
235131.075,1,139,320,16612,2,512,224,44480
235138.275,979,8044,1500,16613,3,2400,1200,12066000
235159.65,895,8045,1500,16614,2,2400,1050,12067500
235189.575,4,123,320,16615,2,512,224,39360
235189.8,126,126,320,16616,2,512,224,40320
235190.025,251,115,320,16617,2,512,224,36800
235190.25,365,93,320,16618,2,512,224,29760
235190.475,457,130,320,16619,2,512,224,41600
235233.45,88956,1231,1500,16620,2,2400,1050,1846500
235345.95,0,677,320,16621,2,512,224,216640
235424.25,329,64692,200,16622,2,320,140,12938400
235531.8,6,16836,100,16623,2,160,70,1683600
235712.7,0,63739,32,16624,2,52,23,2039648
236669.85,82572,52072,100,16625,2,160,70,5207200
236669.85,82572,52995,100,16626,2,160,70,5299500
236669.85,82572,53119,100,16627,2,160,70,5311900
236669.85,82572,53243,100,16628,2,160,70,5324300
236670.075,82571,53243,100,16629,2,160,70,5324300
236670.075,82571,54018,100,16630,2,160,70,5401800
236670.075,82571,54018,100,16631,2,160,70,5401800
236670.075,82571,54277,100,16632,2,160,70,5427700
236670.075,82571,55424,100,16633,2,160,70,5542400
237089.25,80708,55882,100,16634,2,160,70,5588200
237089.475,80707,55882,100,16635,2,160,70,5588200
237089.475,80707,56688,100,16636,2,160,70,5668800
237089.475,80707,57432,100,16637,2,160,70,5743200
237089.7,80706,57153,100,16638,2,160,70,5715300
237089.7,80706,57649,100,16639,2,160,70,5764900
237089.7,80706,57691,100,16640,2,160,70,5769100
237089.7,80706,62235,100,16641,2,160,70,6223500
237089.925,80705,56006,100,16642,2,160,70,5600600
237094.875,80683,51793,100,16643,2,160,70,5179300
237095.1,80682,52685,100,16644,2,160,70,5268500
237095.325,80681,51731,100,16645,2,160,70,5173100
237095.325,80681,52165,100,16646,2,160,70,5216500
237095.325,80681,53336,100,16647,2,160,70,5333600
237095.325,80681,86400,100,16648,2,160,70,8640000
237095.55,80680,52344,100,16649,2,160,70,5234400
237095.55,80680,52375,100,16650,2,160,70,5237500
237095.55,80680,52406,100,16651,2,160,70,5240600
237105.225,80637,58156,100,16652,2,160,70,5815600
237105.225,80637,62699,100,16653,2,160,70,6269900
237105.45,80636,58497,100,16654,2,160,70,5849700
237105.45,80636,59427,100,16655,2,160,70,5942700
237105.45,80636,60505,100,16656,2,160,70,6050500
237105.45,80636,62668,100,16657,2,160,70,6266800
237105.675,80635,58249,100,16658,2,160,70,5824900
237105.675,80635,58559,100,16659,2,160,70,5855900
237105.675,80635,59792,100,16660,2,160,70,5979200
237156.075,80411,869,1500,16661,2,2400,1050,1303500
237159,80398,1178,1500,16662,2,2400,1050,1767000
237161.7,80386,1231,1500,16663,2,2400,1050,1846500
237185.55,80280,939,1500,16664,2,2400,1050,1408500
237186.45,80276,981,1500,16665,2,2400,1050,1471500
237187.35,80272,1043,1500,16666,2,2400,1050,1564500
237357,79518,82,1,16667,2,2,1,82
237371.4,79454,23822,640,16668,2,1024,448,15246080
237554.325,78641,55300,240,16669,2,384,168,13272000
237558.375,78623,63082,240,16670,2,384,168,15139680
237608.55,78400,63179,500,16671,2,800,350,31589500
249870.375,23903,113,40,16672,2,64,28,4520
255272.85,5,259200,32,16673,2,52,23,8294400
255362.175,0,239650,1000,16674,2,1600,700,239650000
255363.3,7,234891,1000,16675,2,1600,700,234891000
255365.1,10,182868,1000,16676,2,1600,700,182868000
255365.775,7,259200,1000,16677,3,1600,800,259200000
255370.275,1,259200,2000,16678,2,3200,1400,518400000
255371.625,236621,259200,2000,16679,3,3200,1600,518400000
255372.3,328744,167991,2000,16680,3,3200,1600,335982000
255373.2,380174,117070,2000,16681,3,3200,1600,234140000
255385.575,388978,108211,2000,16682,2,3200,1400,216422000
255434.85,41,2046,1500,16683,2,2400,1050,3069000
255449.25,47,2082,1500,16684,2,2400,1050,3123000
255459.6,43,2071,1500,16685,3,2400,1200,3106500
255468.375,66,2040,1500,16686,3,2400,1200,3060000
255505.275,37,1583,1500,16687,2,2400,1050,2374500
255513.15,55,1628,1500,16688,2,2400,1050,2442000
255514.95,47,1715,1500,16689,2,2400,1050,2572500
255646.575,992,21278,480,16690,2,768,336,10213440
255852.675,174,63482,1500,16691,2,2400,1050,95223000
255882.15,99,63426,1500,16692,2,2400,1050,95139000
255889.35,98,68605,1500,16693,2,2400,1050,102907500
255897.225,138,63352,1500,16694,2,2400,1050,95028000
255919.275,71,79524,1500,16695,2,2400,1050,119286000
255920.625,1,257750,200,16696,2,320,140,51550000
255925.8,73,63848,1500,16697,2,2400,1050,95772000
255927.825,63322,621,1500,16698,2,2400,1050,931500
256016.025,0,20411,100,16699,2,160,70,2041100
256157.775,7,94,1,16700,2,2,1,94
256162.275,3,78,1,16701,2,2,1,78
256219.425,3,326,20,16702,2,32,14,6520
256248.675,2,104,560,16703,2,896,392,58240
256317.975,11,52,1,16704,2,2,1,52
256319.55,4,52,1,16705,2,2,1,52
256432.05,1,252600,560,16706,2,896,392,141456000
256452.975,18469,252600,560,16707,2,896,392,141456000
256461.075,18650,252600,560,16708,2,896,392,141456000
256468.05,46955,252600,560,16709,2,896,392,141456000
256496.85,47695,252600,560,16710,2,896,392,141456000
256504.725,49717,252600,560,16711,2,896,392,141456000
256513.275,49803,252600,560,16712,2,896,392,141456000
256518.9,51786,252600,560,16713,2,896,392,141456000
256815.225,51534,252600,560,16714,2,896,392,141456000
256819.5,56197,252600,560,16715,2,896,392,141456000
256823.55,59341,252600,560,16716,2,896,392,141456000
256827.825,59322,252600,560,16717,2,896,392,141456000
258028.425,0,104,320,16718,2,512,224,33280
258044.625,32,155,320,16719,2,512,224,49600
258094.125,9,124,320,16720,2,512,224,39680
258138.45,9,279,320,16721,2,512,224,89280
258221.7,0,435,320,16722,2,512,224,139200
260398.575,2,47,20,16723,2,32,14,940
260419.05,0,346,48,16724,2,77,34,16608
262305.225,1,166,32,16725,2,52,23,5312
262391.175,2,124,32,16726,2,52,23,3968
262419.3,1,580,32,16727,2,52,23,18560
262548.9,5,259200,32,16728,2,52,23,8294400
269058.825,856,21732,480,16729,2,768,336,10431360
269115.975,1,120,238,16730,2,381,167,28560
269276.4,4027,22418,500,16731,2,800,350,11209000
269292.825,663,18000,238,16732,2,381,167,4284000
269431.875,45,25813,240,16733,2,384,168,6195120
269451.45,3249,22353,500,16734,2,800,350,11176500
269456.625,3226,22491,500,16735,2,800,350,11245500
269651.025,2330,172,60,16736,3,96,48,10320
270161.775,650,15645,1500,16737,2,2400,1050,23467500
270164.25,670,663,1500,16738,2,2400,1050,994500
270166.275,1635,3646,1500,16739,2,2400,1050,5469000
270195.3,5,78,1,16740,2,2,1,78
270298.35,5066,5775,1500,16741,3,2400,1200,8662500
270300.825,5086,5744,1500,16742,2,2400,1050,8616000
270423.675,0,107,320,16743,2,512,224,34240
270423.9,106,104,320,16744,2,512,224,33280
270423.9,179,140,320,16745,2,512,224,44800
270424.125,178,140,320,16746,2,512,224,44800
270424.35,177,93,320,16747,2,512,224,29760
270445.05,85,93,320,16748,2,512,224,29760
270445.275,115,109,320,16749,2,512,224,34880
270445.5,176,109,320,16750,2,512,224,34880
270445.725,175,109,320,16751,2,512,224,34880
270445.95,221,109,320,16752,2,512,224,34880
270454.275,184,109,320,16753,2,512,224,34880
270454.5,183,109,320,16754,2,512,224,34880
270454.725,244,109,320,16755,2,512,224,34880
270454.95,243,109,320,16756,2,512,224,34880
270454.95,290,124,320,16757,2,512,224,39680
270484.65,2,78,1,16758,2,2,1,78
270509.85,10,67,1,16759,2,2,1,67
270616.05,1,99,1,16760,2,2,1,99
270618.525,6,83,1,16761,2,2,1,83
270621,11,812,1,16762,2,2,1,812
270637.875,3,47,1,16763,2,2,1,47
270647.775,6,295,200,16764,2,320,140,59000
270666.675,217,372,320,16765,2,512,224,119040
270666.9,588,372,320,16766,2,512,224,119040
270667.125,959,372,320,16767,2,512,224,119040
270667.125,1331,372,320,16768,2,512,224,119040
270667.35,1702,362,320,16769,2,512,224,115840
270672.975,2039,372,320,16770,2,512,224,119040
270673.2,2410,364,320,16771,2,512,224,116480
270673.425,2773,378,320,16772,2,512,224,120960
270673.425,2996,403,320,16773,2,512,224,128960
270673.65,2995,372,320,16774,2,512,224,119040
270677.025,2980,403,320,16775,2,512,224,128960
270677.475,2978,403,320,16776,2,512,224,128960
270677.7,3008,403,320,16777,2,512,224,128960
270677.925,3007,434,320,16778,2,512,224,138880
270678.15,3006,403,320,16779,2,512,224,128960
271252.8,1,259,60,16780,2,96,42,15540
271267.65,194,5216,60,16781,2,96,42,312960
271468.575,11,114,1,16782,2,2,1,114
271472.175,11,67,1,16783,2,2,1,67
271653.525,0,428,60,16784,2,96,42,25680
271704.15,4,421,200,16785,2,320,140,84200
271723.5,1,307,60,16786,2,96,42,18420
271742.625,32,191,1,16787,2,2,1,191
271836.675,2,98,1,16788,2,2,1,98
271924.65,1,67,8,16789,2,13,6,536
271960.65,1,202,8,16790,2,13,6,1616
272017.35,0,1507,8,16791,2,13,6,12056
272175.75,0,233,8,16792,2,13,6,1864
272228.175,0,99,8,16793,2,13,6,792
272251.575,6,193,8,16794,2,13,6,1544
272275.425,2054,4878,1000,16795,2,1600,700,4878000
272296.8,9,342,60,16796,2,96,42,20520
272317.05,0,175,60,16797,2,96,42,10500
272328.3,282,600,320,16798,2,512,224,192000
272368.575,1,102,40,16799,2,64,28,4080
272384.55,446,1526,8,16800,2,13,6,12208
272538,81,3578,80,16801,2,128,56,286240
272599.425,5,1536,8,16802,3,13,7,12288
272704.275,148,1837,1500,16803,2,2400,1050,2755500
272716.425,1931,3041,1500,16804,2,2400,1050,4561500
272833.2,0,1812,8,16805,3,13,7,14496
273139.425,3061,16628,1500,16806,2,2400,1050,24942000
273142.575,0,99,1,16807,2,2,1,99
273165.525,8,72,1,16808,2,2,1,72
273178.125,0,87,1,16809,2,2,1,87
273183.525,0,441,200,16810,2,320,140,88200
273208.05,1,67,1,16811,2,2,1,67
273233.7,0,404,200,16812,2,320,140,80800
273335.4,0,115,1,16813,2,2,1,115
273338.325,4,98,1,16814,2,2,1,98
273488.175,1,72,1,16815,2,2,1,72
273634.65,1,1537,200,16816,2,320,140,307400
273812.625,69,14830,1500,16817,2,2400,1050,22245000
273815.55,87,5460,1500,16818,2,2400,1050,8190000
273818.475,74,2777,1000,16819,3,1600,800,2777000
273820.95,2840,13820,1500,16820,2,2400,1050,20730000
273834.45,3,6226,240,16821,2,384,168,1494240
274197.15,10,327,8,16822,2,13,6,2616
274204.575,0,337,8,16823,2,13,6,2696
274393.35,0,21256,480,16824,2,768,336,10202880
274434.75,3,6638,12,16825,2,20,9,79656
274782.825,1,93,160,16826,2,256,112,14880
274819.05,6,47,20,16827,2,32,14,940
274819.05,6,78,320,16828,2,512,224,24960
274819.05,6,78,40,16829,3,64,32,3120
274819.05,11147,93,2560,16830,3,4096,2048,238080
274819.05,12224,94,5120,16831,2,8192,3584,481280
274819.275,52,93,80,16832,2,128,56,7440
274819.275,83,93,160,16833,2,256,112,14880
274819.275,1086,93,640,16834,2,1024,448,59520
274819.275,1086,93,1280,16835,3,2048,1024,119040
275014.125,313,9073,1500,16836,2,2400,1050,13609500
275223.6,2,53261,240,16837,2,384,168,12782640
275228.1,4,259200,60,16838,2,96,42,15552000
275306.625,7,171584,200,16839,2,320,140,34316800
275344.425,5,74106,200,16840,2,320,140,14821200
275800.05,5893,172800,500,16841,3,800,400,86400000
275883.525,7587,2140,1500,16842,2,2400,1050,3210000
276603.975,0,68,1,16843,2,2,1,68
276710.4,9,89,1,16844,2,2,1,89
276712.2,1,89,1,16845,2,2,1,89
276714.675,11,99,1,16846,2,2,1,99
276716.7,2,99,1,16847,2,2,1,99
276719.4,11,78,1,16848,2,2,1,78
276743.925,1,105,1,16849,2,2,1,105
276745.95,8,89,1,16850,2,2,1,89
276748.875,11,73,1,16851,2,2,1,73
276750.45,4,73,1,16852,2,2,1,73
276754.275,8,52,1,16853,2,2,1,52
276757.2,11,67,1,16854,2,2,1,67
276819.975,1,58,1,16855,2,2,1,58
276826.05,0,65,1,16856,2,2,1,65
276830.55,1,226,200,16857,2,320,140,45200
276832.575,3,215,200,16858,2,320,140,43000
276834.375,6,297,200,16859,2,320,140,59400
276835.95,10,193,200,16860,2,320,140,38600
276840.225,2,399,200,16861,2,320,140,79800
276844.05,1,1549,200,16862,2,320,140,309800
276857.325,4,2084,200,16863,2,320,140,416800
276866.325,68,2104,200,16864,2,320,140,420800
276874.65,31,2104,200,16865,3,320,160,420800
277110.225,2135,2029,1500,16866,2,2400,1050,3043500
277113.825,54,80,500,16867,2,800,350,40000
277115.85,45,80,500,16868,2,800,350,40000
277270.2,8,151,1,16869,2,2,1,151
277273.125,11,104,1,16870,2,2,1,104
277274.475,5,104,1,16871,2,2,1,104
277277.85,11,83,1,16872,2,2,1,83
277279.425,4,83,1,16873,2,2,1,83
277314.3,5,238,1,16874,2,2,1,238
277317.45,7,326,1,16875,2,2,1,326
277385.175,913,54,1500,16876,2,2400,1050,81000
277424.775,0,74,1000,16877,2,1600,700,74000
277433.1,700,1615,1500,16878,2,2400,1050,2422500
277479,0,85,1,16879,2,2,1,85
277482.15,3,68,1,16880,2,2,1,68
277485.075,6,52,1,16881,2,2,1,52
277487.55,11,67,1,16882,2,2,1,67
277533.45,1,427,200,16883,2,320,140,85400
277535.7,2,447,200,16884,2,320,140,89400
277538.175,2,436,200,16885,2,320,140,87200
277539.975,5,425,200,16886,2,320,140,85000
277598.475,19,156598,500,16887,2,800,350,78299000
277599.6,14,156598,500,16888,2,800,350,78299000
277601.85,4,156598,500,16889,2,800,350,78299000
277617.825,6,47,1,16890,2,2,1,47
277637.4,8,56295,200,16891,2,320,140,11259000
277685.775,1,67,1,16892,2,2,1,67
277732.8,1,496,200,16893,2,320,140,99200
278032.725,2,14624,1500,16894,2,2400,1050,21936000
278058.15,0,14482,1200,16895,2,1920,840,17378400
278175.6,5,3549,1000,16896,2,1600,700,3549000
279025.875,3,3775,1000,16897,2,1600,700,3775000
279902.925,4,3323,1000,16898,2,1600,700,3323000
280151.325,0,125,320,16899,2,512,224,40000
280220.175,5,104,320,16900,2,512,224,33280
280246.5,3,124,320,16901,2,512,224,39680
280274.175,4,115,320,16902,2,512,224,36800
280286.775,1,155,320,16903,2,512,224,49600
280629.45,5,124,320,16904,2,512,224,39680
280777.275,2,403,1000,16905,2,1600,700,403000
280878.75,0,1886,1000,16906,2,1600,700,1886000
281101.5,3,135,320,16907,2,512,224,43200
281195.55,4,42358,32,16908,2,52,23,1355456
281235.15,1,124,320,16909,2,512,224,39680
281285.775,4,133,320,16910,2,512,224,42560
281294.1,9,3186,1000,16911,3,1600,800,3186000
281304.675,53,45398,1500,16912,2,2400,1050,68097000
281309.4,63,32010,1500,16913,2,2400,1050,48015000
288055.575,1,295,20,16914,2,32,14,5900
288123.75,4,1168,20,16915,2,32,14,23360
288337.05,2,67,1,16916,2,2,1,67
288392.625,0,5721,200,16917,2,320,140,1144200
288493.875,7,9379,200,16918,2,320,140,1875800
288508.725,3,15160,1500,16919,2,2400,1050,22740000
288585.45,0,88495,20,16920,2,32,14,1769900
288652.5,0,14566,1500,16921,3,2400,1200,21849000
288668.25,14558,9148,1500,16922,2,2400,1050,13722000
288776.025,1,274,60,16923,2,96,42,16440
288779.175,1,338,60,16924,2,96,42,20280
288787.05,8,369,60,16925,2,96,42,22140
288825.075,5,259200,60,16926,2,96,42,15552000
288837.675,1,701,1,16927,2,2,1,701
288839.25,10,259200,60,16928,2,96,42,15552000
288854.325,5,259200,60,16929,2,96,42,15552000
288936,6,538,240,16930,2,384,168,129120
288949.95,6,135,320,16931,2,512,224,43200
289058.625,10,155,320,16932,2,512,224,49600
289059.3,7,12348,240,16933,2,384,168,2963520
289112.4,0,95,1,16934,2,2,1,95
289113.75,48,82,1,16935,2,2,1,82
289113.75,89,82,1,16936,2,2,1,82
289113.75,130,72,1,16937,2,2,1,72
289119.375,2,103,1,16938,2,2,1,103
289119.375,2,103,1,16939,2,2,1,103
289119.375,105,72,1,16940,2,2,1,72
289119.6,22,82,1,16941,2,2,1,82
289119.6,63,82,1,16942,2,2,1,82
289119.6,176,98,1,16943,2,2,1,98
289181.25,11,124,320,16944,2,512,224,39680
289251,0,535,1,16945,2,2,1,535
289303.425,0,105,320,16946,2,512,224,33600
289340.775,1,135,320,16947,2,512,224,43200
289467.9,5,53,320,16948,2,512,224,16960
289470.6,4,135,320,16949,2,512,224,43200
289656.45,6,152,1,16950,2,2,1,152
289762.425,8,992,320,16951,2,512,224,317440
289796.625,1,98,1,16952,2,2,1,98
289830.15,0,14034,480,16953,2,768,336,6736320
289970.55,8,67,1,16954,2,2,1,67
290022.3,11,67,1,16955,2,2,1,67
290057.85,0,84,1,16956,2,2,1,84
290067.3,5,96,1,16957,2,2,1,96
290070.9,5,161,320,16958,2,512,224,51520
290076.525,1,109,1,16959,2,2,1,109
290085.75,0,69,1,16960,2,2,1,69
290092.95,0,68,1,16961,2,2,1,68
290151.675,4,173,320,16962,2,512,224,55360
290199.6,6,741,320,16963,2,512,224,237120
290310.525,0,701,1,16964,2,2,1,701
290556.675,1,93,40,16965,2,64,28,3720
290612.25,3,600,320,16966,2,512,224,192000
290717.55,11,93,40,16967,2,64,28,3720
290814.75,1,30565,120,16968,2,192,84,3667800
290817,2,29953,120,16969,2,192,84,3594360
290819.025,4,26565,120,16970,2,192,84,3187800
290821.05,6,26689,120,16971,2,192,84,3202680
290823.075,8,26266,120,16972,2,192,84,3151920
290825.325,9,26031,120,16973,2,192,84,3123720
290895.525,1,112,1,16974,2,2,1,112
290922.3,2706,7200,320,16975,2,512,224,2304000
291017.925,1,57,1,16976,2,2,1,57
291022.65,0,319,1,16977,2,2,1,319
291040.65,0,94,40,16978,2,64,28,3760
291066.3,0,36470,200,16979,2,320,140,7294000
291301.425,1,24058,120,16980,2,192,84,2886960
291303.9,1010,24043,120,16981,2,192,84,2885160
291306.825,997,20920,120,16982,2,192,84,2510400
291312.9,970,43200,120,16983,2,192,84,5184000
291314.7,962,20505,120,16984,2,192,84,2460600
291341.7,842,20962,120,16985,2,192,84,2515440
291443.175,1,243501,32,16986,2,52,23,7792032
291508.875,0,99,1,16987,2,2,1,99
291582.45,1,98,1,16988,2,2,1,98
291698.55,986,104,1280,16989,2,2048,896,133120
291698.775,1027,93,1280,16990,2,2048,896,119040
291717.9,10,83,1,16991,2,2,1,83
291758.85,4,47,1,16992,2,2,1,47
291826.575,9,43200,240,16993,2,384,168,10368000
291854.925,3,109,200,16994,2,320,140,21800
291857.4,8,93,100,16995,2,160,70,9300
291889.125,2,126,100,16996,2,160,70,12600
291903.075,2,117,100,16997,3,160,80,11700
291906,199,9129,1500,16998,2,2400,1050,13693500
291907.8,9320,61720,1500,16999,2,2400,1050,92580000
291919.725,3,367,100,17000,1,100,100,36700
